candidate_idx,scenario,text,max_sim_to_hard,nearest_hard_id,max_sim_to_seed,nearest_seed_id,max_sim_to_train,nearest_train_id,auto_reject_reason,intra_pool_duplicate_of
0,simple_faq_clean,скока чистка зубов,0.6016,hard_027,0.64,seed_022,0.8701,var_seed_107_52fc97,train>=0.85,
1,simple_faq_clean,Цена на пломбирование?,0.8797,switch_032,0.8371,seed_121,0.7408,var_seed_220_2dd9c1,hard>=0.85,
2,simple_faq_clean,сколько вставка штифта,0.5585,switch_032,0.549,seed_106,0.5795,var_seed_219_d9d8c0,,
3,simple_faq_clean,отбеливание зубов цена,0.8253,switch_043,0.8404,seed_112,0.8801,var_seed_112_17771a,train>=0.85,
4,simple_faq_clean,стоимость удаления камня,0.726,hard_156,0.7172,seed_089,0.7484,var_seed_089_944f54,,
5,simple_faq_clean,СКОЛЬКО ИМПЛАНТ,0.7277,hard_095,0.7445,seed_106,0.7445,seed_106,,
6,simple_faq_clean,пломба сколько денег,0.8672,switch_032,0.8584,seed_121,0.7003,var_seed_114_9d203a,"hard>=0.85,seed>=0.85",
7,simple_faq_clean,цена протеза челюсти,0.6556,hard_095,0.8338,seed_122,0.8843,var_seed_122_4298ce,train>=0.85,
8,simple_faq_clean,замена пломбы скока,0.6213,hard_096,0.6615,seed_036,0.8412,var_seed_114_9d203a,,
9,simple_faq_clean,сколько коронка ставить,0.6646,hard_009,0.8626,seed_215,0.8784,var_seed_215_323bab,"seed>=0.85,train>=0.85",
10,simple_faq_clean,работаете вечером?,0.9514,switch_040,0.806,seed_350,0.806,seed_350,hard>=0.85,
11,simple_faq_clean,график в выходные,0.619,switch_011,0.6634,seed_277,0.8724,var_seed_137_0c46f9,train>=0.85,
12,simple_faq_clean,до скольки в пятницу,0.5952,switch_041,0.6861,seed_281,0.8049,var_seed_140_95b7e1,,
13,simple_faq_clean,открыто ли воскресенье,0.8022,switch_011,0.8304,seed_144,0.7798,var_seed_187_8dad1b,,
14,simple_faq_clean,время работы будни,0.5769,switch_040,0.6513,seed_137,0.7248,var_seed_140_8d1758,,
15,simple_faq_clean,суббота прием есть?,0.7069,switch_011,0.7787,seed_227,0.8825,var_seed_137_c064b4,train>=0.85,
16,simple_faq_clean,какие часы приема,0.6241,switch_036,0.7739,seed_227,0.8072,var_seed_227_8580d7,,
17,simple_faq_clean,работаем ли ночью,0.8517,switch_040,0.7272,seed_137,0.7272,seed_137,hard>=0.85,
18,simple_faq_clean,обеденный перерыв когда,0.5732,switch_033,0.78,seed_282,0.7012,var_seed_248_1a77cd,,
19,simple_faq_clean,выходные дни график,0.6003,switch_011,0.6335,seed_187,0.81,var_seed_137_0c46f9,,
20,simple_faq_clean,адрес клиники точный,0.6612,switch_017,0.6693,seed_143,0.8109,var_seed_136_27d9ef,,
21,simple_faq_clean,как доехать автобусом,0.5824,switch_024,0.7144,seed_148,0.8341,var_seed_148_1e4525,,
22,simple_faq_clean,где находитесь метро,0.6572,switch_004,0.6874,seed_136,0.7589,var_seed_136_5a2d9b,,
23,simple_faq_clean,парковка есть рядом,0.8463,switch_024,0.8942,seed_138,0.7949,var_seed_330_d386ce,seed>=0.85,
24,simple_faq_clean,улица и дом клиники,0.7347,switch_017,0.7434,seed_143,0.8367,var_seed_136_27d9ef,,
25,simple_faq_clean,КАКИЙ АДРЕС,0.8325,hard_044,0.8015,seed_139,0.8751,var_seed_136_de360a,train>=0.85,
26,simple_faq_clean,на карте покажите,0.6779,hard_037,0.6783,seed_411,0.7066,var_seed_411_119427,,
27,simple_faq_clean,район где стоите,0.7251,switch_004,0.7466,seed_136,0.8133,var_seed_136_5a2d9b,,
28,simple_faq_clean,от вокзала как дойти,0.5542,switch_024,0.6404,seed_148,0.8504,var_seed_148_9b4e18,train>=0.85,
29,simple_faq_clean,гарантия на лечение сколько,0.6745,hard_001,0.7879,seed_150,0.6881,var_seed_122_4421a6,,
30,simple_faq_clean,Какие пломбы используете?,0.733,switch_032,0.7709,seed_220,0.8316,var_seed_220_ba397c,,
31,simple_faq_clean,подготовка к импланту,0.7344,hard_111,0.7499,seed_246,0.7529,var_seed_072_196ce6,,
32,simple_faq_clean,виды отбеливания какие,0.672,switch_043,0.686,seed_198,0.723,var_seed_071_36eec9,,
33,simple_faq_clean,можно ли курить после,0.829,hard_113,0.8505,seed_218,0.8505,seed_218,"seed>=0.85,train>=0.85",
34,simple_faq_clean,оборудование какое новое,0.5145,switch_001,0.5209,seed_127,0.5659,var_seed_401_372f33,,
35,simple_faq_clean,протезы съемные есть,0.5844,hard_030,0.7853,seed_058,0.7891,var_seed_058_d63863,,
36,simple_faq_clean,анестезия безболезненная,0.6204,hard_074,0.6802,seed_223,0.776,var_seed_125_1b65d0,,
37,simple_faq_clean,сколько сеансов чистка,0.7307,hard_088,0.817,seed_197,0.7829,var_seed_219_7ee73b,,
38,simple_faq_clean,рентген на месте делают,0.583,hard_075,0.7699,seed_154,0.7894,var_seed_154_f9037d,,
39,simple_faq_clean,стоимость консультации врача,0.6682,hard_001,0.9318,seed_116,0.9318,seed_116,"seed>=0.85,train>=0.85",
40,simple_faq_clean,пломбировка каналов цена,0.6924,switch_032,0.7409,seed_123,0.7418,var_seed_123_0ae26f,,
41,simple_faq_clean,керамические коронки сколько,0.6109,hard_009,0.6589,seed_094,0.7896,var_seed_113_5c109e,,
42,simple_faq_clean,лазерное отбеливание скока,0.5527,switch_043,0.6298,seed_071,0.8548,var_seed_112_5a2779,train>=0.85,
43,simple_faq_clean,съемный протез цена,0.6138,hard_004,0.8006,seed_122,0.8406,var_seed_122_4298ce,,
44,simple_faq_clean,профчистка зубов стоимость,0.691,hard_156,0.6847,seed_131,0.8611,var_seed_107_c0fd12,train>=0.85,
45,simple_faq_clean,металлокерамика зуба цена,0.6656,hard_001,0.6511,seed_131,0.6951,var_seed_107_c0fd12,,
46,simple_faq_clean,гигиена полости рта скока,0.5419,hard_027,0.5746,seed_011,0.7059,var_seed_107_52fc97,,
47,simple_faq_clean,акции на лечение есть,0.6403,hard_032,0.7369,seed_161,0.6903,var_seed_098_e5c3b4,,
48,simple_faq_clean,понедельник с какого часа,0.7036,switch_044,0.725,seed_241,0.7601,var_seed_241_5d4dc6,,
49,simple_faq_clean,летний график работы,0.5807,switch_040,0.608,seed_137,0.7614,var_seed_140_8d1758,,
50,simple_faq_clean,утренний прием время,0.69,switch_036,0.7504,seed_244,0.883,var_seed_244_59d13c,train>=0.85,
51,simple_faq_clean,закрыто ли в жару,0.5432,hard_170,0.5913,seed_155,0.6204,var_seed_155_b71db6,,
52,simple_faq_clean,дети с какого возраста,0.6238,hard_112,0.7775,seed_142,0.6658,var_seed_173_efdd74,,
53,simple_faq_clean,ночь накануне открыты,0.6016,switch_033,0.6514,seed_155,0.6915,var_seed_155_b71db6,,
54,simple_faq_clean,кабинеты по скольку работают,0.552,switch_040,0.6141,seed_140,0.6684,var_seed_191_828cf0,,
55,simple_faq_clean,маршрут от центра,0.5535,hard_044,0.573,seed_138,0.7598,var_seed_148_33eb9e,,
56,simple_faq_clean,телефон для ориентира,0.6747,hard_044,0.6348,seed_143,0.6693,var_seed_136_6b884e,,
57,simple_faq_clean,ближайший остановка какая,0.6232,switch_024,0.6794,seed_330,0.7299,var_seed_148_33eb9e,,
58,simple_faq_clean,вход с какой стороны,0.5618,hard_044,0.5858,seed_253,0.6396,var_seed_148_9b4e18,,
59,simple_faq_clean,фото фасада покажите,0.6285,hard_045,0.5792,seed_138,0.6446,var_seed_195_2acb4d,,
60,simple_faq_clean,район спальный или центр,0.4911,hard_044,0.5094,seed_138,0.53,var_seed_260_e3ecb5,,
61,simple_faq_clean,навигатор ведет точно,0.5424,hard_166,0.5981,seed_373,0.7114,var_seed_139_6395f9,,
62,simple_faq_clean,синий забор или красный,0.5304,switch_026,0.5187,seed_030,0.5295,var_seed_027_24cb09,,
63,simple_faq_clean,костные импланты ставят,0.6975,switch_007,0.7073,seed_170,0.7965,var_seed_072_0fff0a,,
64,simple_faq_clean,после пломбы что нельзя,0.6979,hard_103,0.7728,seed_200,0.7728,seed_200,,
65,simple_faq_clean,виниры какие материалы,0.5616,hard_010,0.7062,seed_074,0.7686,var_seed_074_0566c3,,
66,simple_faq_clean,рентген цифровой или пленка,0.5075,hard_115,0.6368,seed_154,0.6866,var_seed_154_4deeed,,
67,simple_faq_clean,детская стоматология услуги,0.7179,hard_028,0.7733,seed_169,0.7204,var_seed_124_8287bd,,
68,simple_faq_clean,гарантия на отбеливание,0.7317,switch_043,0.7457,seed_112,0.7457,seed_112,,
69,simple_faq_clean,процедура установки брекетов,0.7034,hard_112,0.7736,seed_178,0.7931,var_seed_178_661242,,
70,simple_faq_clean,сколько держится пломба,0.737,switch_032,0.7192,seed_036,0.7154,var_seed_212_f82279,,
71,simple_faq_clean,терапевт или хирург нужен,0.7218,hard_075,0.717,seed_237,0.799,var_seed_189_edfa8c,,
72,simple_faq_clean,цена на мостовидный протез,0.6107,hard_095,0.8088,seed_122,0.8364,var_seed_122_4298ce,,
73,simple_faq_clean,удаление зуба скока стоит,0.6911,hard_014,0.7136,seed_131,0.755,var_seed_127_10f352,,
74,simple_faq_clean,зубной налет чистка цена,0.7375,hard_156,0.7402,seed_107,0.8255,var_seed_107_c0fd12,,
75,simple_faq_clean,среда вечерний прием,0.7111,switch_041,0.6809,seed_227,0.7657,var_seed_253_af18cc,,
76,simple_faq_clean,зимой график меняется,0.5625,switch_033,0.6293,seed_285,0.6412,var_seed_274_b81005,,
77,simple_faq_clean,открытие в 8 утра,0.6611,switch_036,0.7876,seed_155,0.8098,var_seed_155_b71db6,,
78,simple_faq_clean,троллейбусом номер какой,0.5606,switch_017,0.5628,seed_143,0.6574,var_seed_148_33eb9e,,
79,simple_faq_clean,парковка бесплатная ли,0.7732,switch_024,0.8083,seed_138,0.6529,var_seed_227_a00270,,
80,simple_faq_clean,как найти вход в подвал,0.5319,hard_044,0.5599,seed_148,0.6328,var_seed_148_422836,,
81,simple_faq_clean,от метро 5 минут пешком,0.4814,switch_024,0.5166,seed_331,0.6983,var_seed_148_9b4e18,,
82,simple_faq_clean,Сколько чистка зубов стоит?,0.846,hard_088,0.8285,seed_131,0.9737,var_seed_107_6fa8a1,train>=0.85,
83,simple_faq_clean,График работы в воскресенье?,0.8578,switch_011,0.8935,seed_144,0.8499,seed_137,"hard>=0.85,seed>=0.85",
84,simple_faq_clean,Где ваша клиника находится?,0.6947,switch_017,0.8945,seed_156,0.9447,var_seed_136_481d2a,"seed>=0.85,train>=0.85",
85,simple_faq_clean,Какие цены на отбеливание?,0.9556,switch_043,0.9659,seed_112,0.9659,seed_112,"hard>=0.85,seed>=0.85,train>=0.85",
86,simple_faq_clean,Работаете ли после 20:00?,0.8302,switch_040,0.7585,seed_140,0.7585,seed_140,,
87,simple_faq_clean,Адрес и как доехать?,0.7697,hard_044,0.8346,seed_148,0.8646,var_seed_148_33eb9e,train>=0.85,
88,simple_faq_clean,Сколько пломбирование?,0.7854,switch_032,0.7301,seed_121,0.7173,var_seed_220_2dd9c1,,
89,simple_faq_clean,В субботу открыты?,0.8001,switch_011,0.88,seed_137,0.88,seed_137,"seed>=0.85,train>=0.85",
90,simple_faq_clean,Расположение клиники?,0.7915,switch_017,0.7908,seed_143,0.8581,var_seed_136_27d9ef,train>=0.85,
91,simple_faq_clean,Цена удаления зуба?,0.8764,hard_014,0.9072,seed_131,0.8034,var_seed_107_c0fd12,"hard>=0.85,seed>=0.85",
92,simple_faq_clean,До какого времени в пятницу?,0.6717,switch_011,0.7857,seed_262,0.7857,seed_262,,
93,simple_faq_clean,Какой адрес точно?,0.8159,hard_044,0.8624,seed_139,0.9263,var_seed_139_45b80f,"seed>=0.85,train>=0.85",
94,simple_faq_clean,Сколько имплант?,0.8329,hard_095,0.8509,seed_106,0.8509,seed_106,"seed>=0.85,train>=0.85",
95,simple_faq_clean,Перерыв на обед есть?,0.6282,hard_100,0.8408,seed_282,0.7411,var_seed_248_1a77cd,,
96,simple_faq_clean,Ближайший метро к вам?,0.5869,switch_024,0.6512,seed_148,0.7184,var_seed_148_9b4e18,,
97,simple_faq_clean,Цены на протезы?,0.7272,hard_004,0.8747,seed_122,0.8983,var_seed_122_4298ce,"seed>=0.85,train>=0.85",
98,simple_faq_clean,Рабочие дни недели?,0.7634,switch_011,0.7766,seed_144,0.7611,seed_137,,
99,simple_faq_clean,Где припарковаться можно?,0.8521,switch_024,0.877,seed_138,0.7032,seed_330,"hard>=0.85,seed>=0.85",
100,simple_faq_clean,Скока ультразвук чистка?,0.6909,hard_088,0.6955,seed_197,0.6831,seed_107,,
101,simple_faq_clean,Открытие в понедельник во сколько?,0.6467,switch_044,0.8,seed_155,0.8064,var_seed_155_b71db6,,
102,simple_faq_clean,Точный адрес с индексом?,0.7595,hard_044,0.8037,seed_139,0.843,var_seed_139_45b80f,,
103,simple_faq_clean,Гарантия на пломбы сколько?,0.7676,switch_032,0.7229,seed_212,0.7229,seed_212,,
104,simple_faq_clean,Какие услуги предлагаете?,0.6223,hard_100,0.6986,seed_150,0.7159,var_seed_127_a3e74b,,
105,simple_faq_clean,Подготовка к импланту нужна?,0.7611,hard_111,0.7585,seed_206,0.7099,seed_170,,
106,simple_faq_clean,Сколько стоит коронка?,0.7025,switch_001,0.7108,seed_215,0.8082,var_seed_113_5c109e,,
107,simple_faq_clean,Выходные дни работаете?,0.8844,switch_011,0.882,seed_144,0.8809,seed_137,"hard>=0.85,seed>=0.85,train>=0.85",
108,simple_faq_clean,Маршрут от центра?,0.5965,switch_024,0.6535,seed_162,0.6833,var_seed_148_33eb9e,intra_pool>=0.90,маршрут от центра
109,simple_faq_clean,Цена на виниры?,0.6596,switch_001,0.9367,seed_109,0.76,var_seed_074_0566c3,seed>=0.85,
110,simple_faq_clean,Закрытие в праздники?,0.6569,switch_011,0.6681,seed_137,0.6877,var_seed_140_0432fa,,
111,simple_faq_clean,Ваш телефон для справок?,0.7437,switch_017,0.7527,seed_139,0.7527,seed_139,,
112,simple_faq_clean,Какие акции сейчас?,0.547,switch_030,0.8203,seed_161,0.5676,seed_127,,
113,simple_faq_clean,Прием в обеденное время?,0.6499,switch_036,0.8165,seed_282,0.8274,var_seed_244_4d5e84,,
114,simple_faq_clean,Какой вход в клинику?,0.7318,switch_017,0.7484,seed_154,0.7777,var_seed_148_b6ff19,,
115,simple_faq_clean,Сколько консультация?,0.6581,switch_001,0.8355,seed_116,0.8355,seed_116,,
116,simple_faq_clean,График на декабрь?,0.6086,switch_041,0.6335,seed_127,0.6661,var_seed_137_0c46f9,,
117,simple_faq_clean,Бесплатная парковка есть?,0.8554,switch_024,0.8956,seed_138,0.7213,var_seed_227_a00270,"hard>=0.85,seed>=0.85",
118,simple_faq_clean,Виды отбеливания какие?,0.7381,switch_043,0.7458,seed_198,0.7614,var_seed_071_36eec9,intra_pool>=0.90,виды отбеливания какие
119,simple_faq_clean,Скока рентген?,0.5261,switch_046,0.7077,seed_224,0.8405,var_seed_154_4deeed,,
120,simple_faq_clean,Работаете допоздна?,0.8033,switch_040,0.7928,seed_140,0.7928,seed_140,,
121,simple_faq_clean,Гарантия на протезы?,0.6286,hard_011,0.7424,seed_150,0.7597,var_seed_122_7d06a1,,
122,simple_faq_clean,Цены на детей?,0.6911,hard_035,0.7434,seed_124,0.7434,seed_124,,
123,simple_faq_clean,Понедельник с обеда?,0.6508,switch_044,0.7621,seed_282,0.712,var_seed_259_f5095e,,
124,simple_faq_clean,Рядом с каким магазином?,0.6134,switch_024,0.8112,seed_331,0.8301,var_seed_331_a9bf09,,
125,simple_faq_clean,Какие материалы для пломб?,0.6945,switch_032,1.0,seed_220,1.0,seed_220,"seed>=0.85,train>=0.85",
126,simple_faq_clean,Сколько анестезия?,0.6516,hard_074,0.8683,seed_223,0.7906,var_seed_125_5b7fb7,seed>=0.85,
127,simple_faq_clean,Выходной в четверг?,0.722,switch_011,0.75,seed_137,0.75,seed_137,,
128,simple_faq_clean,Автобусом как до вас?,0.6468,switch_024,0.8021,seed_148,0.8105,var_seed_148_1e4525,,
129,simple_faq_clean,Подготовка к чистке?,0.8014,switch_025,0.7753,seed_231,0.7753,var_seed_231_d19043,,
130,simple_faq_clean,Цена брекетов?,0.8952,hard_004,0.9531,seed_108,0.9531,seed_108,"hard>=0.85,seed>=0.85,train>=0.85",
131,simple_faq_clean,Закрыто 8 марта?,0.5058,switch_011,0.5518,seed_253,0.5758,var_seed_140_0432fa,,
132,simple_faq_clean,Фото клиники можно?,0.7088,switch_017,0.7821,seed_154,0.7821,seed_154,,
133,simple_faq_clean,Какие врачи есть?,0.6179,switch_035,0.7507,seed_187,0.7507,seed_187,,
134,simple_faq_clean,Сколько стоит мост?,0.7356,switch_001,0.7256,seed_119,0.7688,var_seed_119_f15293,,
135,simple_faq_clean,От метро сколько минут?,0.5736,switch_024,0.6064,seed_128,0.7511,var_seed_148_9b4e18,,
136,simple_faq_clean,Гарантия на отбеливание?,0.7666,switch_043,0.7911,seed_112,0.7911,seed_112,intra_pool>=0.90,гарантия на отбеливание
137,simple_faq_clean,Скока съемный протез?,0.5304,hard_030,0.7593,seed_058,0.761,var_seed_058_d63863,,
138,simple_faq_clean,Лето график меняется?,0.5526,switch_033,0.5961,seed_285,0.6234,var_seed_257_b15024,,
139,simple_faq_clean,Табличка на входе есть?,0.6367,switch_024,0.6602,seed_127,0.6602,seed_127,,
140,simple_faq_clean,Виды чистки?,0.7062,hard_088,0.7356,seed_197,0.7242,var_seed_219_7ee73b,,
141,simple_faq_clean,Цены обновили?,0.7291,hard_035,0.7731,seed_127,0.7731,seed_127,,
142,simple_faq_clean,С 12 до 14 прием?,0.5632,hard_003,0.7556,seed_227,0.7556,seed_227,,
143,simple_faq_clean,Яндекс карты ссылка?,0.5345,hard_044,0.5818,seed_411,0.6176,var_seed_411_342d7d,,
144,simple_faq_clean,Сколько сеанс отбеливания?,0.7951,switch_043,0.766,seed_112,0.7919,var_seed_112_17771a,,
145,simple_faq_clean,Пятница вечером открыто?,0.749,switch_040,0.74,seed_137,0.74,seed_137,,
146,simple_faq_clean,Лифт в здании?,0.634,switch_024,0.6534,seed_101,0.6334,var_seed_164_a56a4c,,
147,simple_faq_clean,Какие сертификаты?,0.4911,switch_030,0.6318,seed_145,0.5547,var_seed_151_a88c0d,,
148,simple_faq_clean,Пломба световая скока?,0.5557,hard_021,0.5979,seed_052,0.6805,var_seed_114_9d203a,,
149,simple_faq_clean,Зимой короче часы?,0.5215,hard_116,0.6015,seed_273,0.6043,var_seed_257_b15024,,
150,simple_faq_clean,Парковка под окнами?,0.7664,switch_024,0.8082,seed_138,0.6686,seed_233,,
151,simple_faq_clean,Подготовка к протезу?,0.6395,hard_030,0.705,seed_180,0.7284,var_seed_122_39d927,,
152,simple_faq_clean,Удаление мудрости цена?,0.6303,hard_014,0.8372,seed_111,0.7975,var_seed_199_ae7891,,
153,simple_faq_clean,Суббота полдня?,0.6817,switch_011,0.7218,seed_137,0.7431,var_seed_264_3a5703,,
154,simple_faq_clean,Второй этаж клиника?,0.6247,switch_017,0.673,seed_154,0.6893,var_seed_136_481d2a,,
155,simple_faq_clean,Акции на чистку?,0.7504,switch_012,0.769,seed_107,0.769,seed_107,,
156,simple_faq_clean,Новый год график?,0.4928,switch_036,0.5137,seed_127,0.5956,var_seed_137_0c46f9,,
157,simple_faq_clean,Трамвай до вас ходит?,0.6452,switch_024,0.6863,seed_148,0.6863,seed_148,,
158,simple_faq_clean,Какие аппараты используете?,0.6246,hard_089,0.6601,seed_350,0.6601,seed_350,,
159,simple_booking_clean,запишись меня на завтра утро,0.9418,switch_036,0.8356,seed_260,0.8356,seed_260,hard>=0.85,
160,simple_booking_clean,Можно к стоматологу в субботу?,0.6777,switch_011,0.7559,seed_137,0.7559,seed_137,,
161,simple_booking_clean,хочу запись на среду,0.934,switch_041,0.8912,seed_269,0.8912,seed_269,"hard>=0.85,seed>=0.85,train>=0.85",
162,simple_booking_clean,Запишитесь на прием пожалуйста,0.8271,switch_002,0.8458,seed_235,0.9014,var_seed_230_9d7807,train>=0.85,
163,simple_booking_clean,на 15 число свободно?,0.6124,switch_041,0.728,seed_229,0.7494,var_seed_233_0b1807,,
164,simple_booking_clean,ЗПИСАТЬСЯ К ВРАЧУ,0.6873,switch_002,0.6954,seed_226,0.6993,var_seed_230_9d7807,,
165,simple_booking_clean,для ребенка на вечерок,0.6367,switch_033,0.6385,seed_271,0.6899,var_seed_271_333968,,
166,simple_booking_clean,хочу к терапевту утром,0.77,switch_036,0.7694,seed_241,0.7855,var_seed_244_4d5e84,,
167,simple_booking_clean,запись на следующей неделе,0.7858,switch_021,0.8858,seed_228,0.8888,var_seed_228_a4cc50,"seed>=0.85,train>=0.85",
168,simple_booking_clean,можно на 11 утра?,0.6851,switch_036,0.7738,seed_267,0.7738,seed_267,,
169,simple_booking_clean,Запиши жену на понедельник,0.7989,switch_044,0.789,seed_228,0.8143,var_seed_253_aac4f6,,
170,simple_booking_clean,свободное время есть завтра,0.7533,switch_021,0.9143,seed_229,0.8144,var_seed_232_b2c1ea,seed>=0.85,
171,simple_booking_clean,на прием к стоматологу хочу,0.8439,hard_073,0.8407,seed_238,0.9253,var_seed_232_5dea63,train>=0.85,
172,simple_booking_clean,зпитесь на четверг,0.7522,hard_066,0.8102,seed_256,0.8663,var_seed_256_6284a0,train>=0.85,
173,simple_booking_clean,для мамы на утро,0.7089,switch_036,0.6724,seed_260,0.7215,var_seed_260_b57082,,
174,simple_booking_clean,хочу попасть в пятницу,0.7405,switch_041,0.796,seed_281,0.7892,var_seed_262_d54fc3,,
175,simple_booking_clean,Запись на 20 число,0.6655,switch_002,0.6893,seed_269,0.6893,seed_269,,
176,simple_booking_clean,можно ребенку после обеда,0.6065,switch_033,0.7834,seed_282,0.7391,var_seed_267_26513d,,
177,simple_booking_clean,на выходные есть места,0.6926,switch_024,0.7252,seed_138,0.871,var_seed_227_726f4e,train>=0.85,
178,simple_booking_clean,зписать на вторник,0.7265,switch_041,0.7373,seed_253,0.9162,var_seed_253_aac4f6,train>=0.85,
179,simple_booking_clean,ХОЧУ НА ПРИЕМ СЕГОДНЯ,0.7259,hard_078,0.7906,seed_241,0.7906,seed_241,,
180,simple_booking_clean,для мужа на вечер,0.6494,switch_033,0.6512,seed_271,0.7251,var_seed_271_333968,,
181,simple_booking_clean,свободно ли в 14:00,0.6119,switch_024,0.7161,seed_229,0.775,var_seed_244_98e373,,
182,simple_booking_clean,запишите на удобное,0.8332,switch_002,0.8715,seed_252,0.8314,var_seed_232_96d4cb,seed>=0.85,
183,simple_booking_clean,на пятницу после 16,0.6614,switch_041,0.7279,seed_245,0.7277,var_seed_262_d54fc3,,
184,simple_booking_clean,перенести на понедельник надо,0.8683,switch_044,0.8673,seed_278,0.8673,seed_278,"hard>=0.85,seed>=0.85,train>=0.85",
185,simple_booking_clean,сдвиньте мою запись позже,0.7796,switch_015,0.7997,seed_273,0.8456,var_seed_273_fbcc42,,
186,simple_booking_clean,Изменить время на вечер,0.7831,switch_033,0.8491,seed_285,0.8875,var_seed_274_b81005,train>=0.85,
187,simple_booking_clean,перенос на следующую среду,0.7933,switch_044,0.8841,seed_261,0.8776,seed_268,"seed>=0.85,train>=0.85",
188,simple_booking_clean,Мою запись сдвинуть на 17,0.7242,switch_015,0.7534,seed_258,0.7396,var_seed_264_b53348,,
189,simple_booking_clean,на завтра перенести можно,0.8888,switch_033,0.874,seed_268,0.9488,var_seed_268_1e1f88,"hard>=0.85,seed>=0.85,train>=0.85",
190,simple_booking_clean,измени дату приема,0.7281,switch_044,0.8024,seed_280,0.8418,var_seed_280_56bf2a,,
191,simple_booking_clean,Перенесите на пятницу,0.8321,switch_044,0.9384,seed_256,0.9384,seed_256,"seed>=0.85,train>=0.85",
192,simple_booking_clean,сдвиг на утро вторника,0.6327,switch_044,0.6608,seed_276,0.7853,var_seed_260_ad909b,,
193,simple_booking_clean,мою на вечерок перекиньте,0.8158,switch_033,0.8477,seed_271,0.8477,seed_271,,
194,simple_booking_clean,Изменить на 10 число,0.6289,switch_044,0.6881,seed_285,0.7577,var_seed_264_3ea925,,
195,simple_booking_clean,перенос записи на неделю,0.8493,switch_044,0.8411,seed_278,0.8625,var_seed_256_b1a2cf,train>=0.85,
196,simple_booking_clean,сдвинуть на субботу,0.7472,switch_044,0.8005,seed_256,0.8738,var_seed_262_119cc4,train>=0.85,
197,simple_booking_clean,Можно позже сделать?,0.706,switch_033,0.8066,seed_257,0.8066,seed_257,,
198,simple_booking_clean,переставьте на четверг,0.8132,switch_044,0.9573,seed_256,0.9573,seed_256,"seed>=0.85,train>=0.85",
199,simple_booking_clean,для ребенка время поменяйте,0.641,switch_033,0.8364,seed_285,0.856,var_seed_274_b81005,train>=0.85,
200,simple_booking_clean,на утро перенести запись,0.8369,switch_044,0.8688,seed_260,0.9175,var_seed_260_ff322f,"seed>=0.85,train>=0.85",
201,simple_booking_clean,изменим на понедельник,0.8306,switch_044,0.8003,seed_259,0.8732,var_seed_259_f5095e,train>=0.85,
202,simple_booking_clean,сдвиг по времени,0.6049,switch_033,0.7124,seed_273,0.7934,var_seed_274_2fe4d2,,
203,simple_booking_clean,Перенос на 15:00,0.7171,switch_033,0.7895,seed_268,0.7895,seed_268,,
204,simple_booking_clean,мою запись на завтра,0.8572,switch_021,0.7812,seed_269,0.8442,var_seed_312_03957d,hard>=0.85,
205,simple_booking_clean,отменить прием завтра,0.8158,switch_038,0.9326,seed_303,0.9456,var_seed_288_3f2f08,"seed>=0.85,train>=0.85",
206,simple_booking_clean,снимаю запись на среду,0.8453,switch_041,0.7881,seed_293,0.7861,seed_269,,
207,simple_booking_clean,Не приду в пятницу,0.6551,switch_044,0.8333,seed_287,0.8274,var_seed_303_7f467c,,
208,simple_booking_clean,Отмена на 14:00,0.7797,hard_040,0.7797,seed_291,0.8094,var_seed_303_9e886f,,
209,simple_booking_clean,уберите мою запись,0.8698,hard_094,0.9973,seed_295,0.9973,seed_295,"hard>=0.85,seed>=0.85,train>=0.85",
210,simple_booking_clean,Отменить на понедельник,0.8129,switch_044,0.7977,seed_293,0.824,var_seed_303_9e886f,,
211,simple_booking_clean,снять прием вечером,0.7004,switch_033,0.7161,seed_245,0.7283,var_seed_271_ff795a,,
212,simple_booking_clean,Не нужно на завтра,0.7238,switch_021,0.7677,seed_268,0.7677,seed_268,,
213,simple_booking_clean,отмена записи ребенка,0.7898,hard_040,0.9184,seed_297,0.8886,var_seed_286_ac8bfa,"seed>=0.85,train>=0.85",
214,simple_booking_clean,СНИМАЮ НА СУББОТУ,0.7021,switch_041,0.7085,seed_313,0.7475,var_seed_137_c064b4,,
215,simple_booking_clean,отмените на 20 число,0.7011,hard_040,0.7011,seed_291,0.7181,var_seed_303_9e886f,,
216,simple_booking_clean,моя запись не актуальна,0.7371,hard_094,0.7516,seed_306,0.7487,var_seed_300_01c872,,
217,simple_booking_clean,убрать из графика,0.6756,hard_040,0.8051,seed_301,0.6856,var_seed_291_c3748c,,
218,simple_booking_clean,Отмена на вторник,0.8216,hard_040,0.8216,seed_291,0.8546,var_seed_303_9e886f,train>=0.85,
219,simple_booking_clean,не пойду к врачу завтра,0.7051,switch_038,0.8352,seed_287,0.8496,var_seed_303_7f467c,,
220,simple_booking_clean,снимите на четверг,0.7273,hard_066,0.8177,seed_256,0.8411,var_seed_256_6284a0,,
221,simple_booking_clean,отменяю прием утром,0.8326,switch_038,0.8709,seed_303,0.892,var_seed_303_fa17f8,"seed>=0.85,train>=0.85",
222,simple_booking_clean,запись на пятницу убрать,0.7946,switch_038,0.8089,seed_293,0.8416,var_seed_262_2ffbd4,,
223,simple_booking_clean,НЕТ ВРЕМЕНИ НА СРЕДУ,0.6142,switch_041,0.6571,seed_274,0.6571,seed_274,,
224,simple_booking_clean,отмена для жены,0.754,hard_040,0.754,seed_291,0.7797,var_seed_300_6e0e4c,,
225,simple_booking_clean,снять на вечер,0.7248,switch_033,0.7292,seed_271,0.7593,var_seed_271_333968,,
226,simple_booking_clean,запишись меня на вечер пятницы,0.806,switch_036,0.7951,seed_269,0.8309,var_seed_262_2ffbd4,,
227,simple_booking_clean,Хочу к врачу на следующей неделе,0.7763,switch_048,0.7827,seed_241,0.8321,var_seed_228_a4cc50,,
228,simple_booking_clean,зпитесь ребенка утром,0.7172,switch_036,0.6652,seed_020,0.7321,var_seed_260_ad909b,,
229,simple_booking_clean,на прием свободно ли,0.689,hard_068,0.7731,seed_227,0.7731,seed_227,,
230,simple_booking_clean,перенести на утро можно ли,0.8614,switch_033,0.8407,seed_276,0.9675,var_seed_260_5abb9e,"hard>=0.85,train>=0.85",
231,simple_booking_clean,сдвинуть запись жены,0.7008,switch_015,0.8033,seed_275,0.8033,seed_275,,
232,simple_booking_clean,на субботу перекиньте,0.799,switch_044,0.8516,seed_256,0.8542,var_seed_256_6284a0,"seed>=0.85,train>=0.85",
233,simple_booking_clean,отменить на завтрашний день,0.8519,switch_038,0.8297,seed_303,0.9168,var_seed_303_9e886f,"hard>=0.85,train>=0.85",
234,simple_booking_clean,снимаю на 16 часов,0.6741,switch_036,0.7383,seed_313,0.7383,seed_313,,
235,simple_booking_clean,хочу записаться на понедельник,0.8533,switch_044,0.8779,seed_241,0.8959,var_seed_228_a4cc50,"hard>=0.85,seed>=0.85,train>=0.85",
236,simple_booking_clean,Запишитесь меня к врачу утром,0.8817,switch_036,0.7888,seed_237,0.8365,var_seed_235_5a92f1,hard>=0.85,
237,simple_booking_clean,можно на среду к стоматологу,0.7386,switch_041,0.7317,seed_232,0.7368,var_seed_232_5dea63,,
238,simple_booking_clean,запись на прием завтра,0.8292,switch_021,0.7467,seed_303,0.8005,var_seed_230_9d7807,,
239,simple_booking_clean,подскажите когда можно записаться,0.7924,hard_087,0.8409,seed_252,0.8131,var_seed_235_454ab5,,
240,simple_booking_clean,нужно место на пятницу,0.7338,switch_041,0.7597,seed_281,0.8297,var_seed_253_4c331d,,
241,simple_booking_clean,запишите ребенка на вечер,0.7503,switch_036,0.7814,seed_271,0.8322,var_seed_239_82f359,,
242,simple_booking_clean,хочу к стоматологу на следующей неделе,0.7607,hard_073,0.7815,seed_232,0.8491,var_seed_232_5dea63,,
243,simple_booking_clean,есть свободное время утро?,0.7173,switch_036,0.8347,seed_229,0.9354,var_seed_244_98e373,train>=0.85,
244,simple_booking_clean,запись на удаление камня,0.6781,switch_012,0.7342,seed_240,0.7761,var_seed_240_0cc919,,
245,simple_booking_clean,мне нужно записаться срочно но не сейчас,0.7433,hard_099,0.7966,seed_247,0.782,var_seed_235_454ab5,,
246,simple_booking_clean,на четверг место есть,0.7455,switch_041,0.7923,seed_269,0.8601,var_seed_253_4c331d,train>=0.85,
247,simple_booking_clean,запишите на осмотр,0.7845,hard_070,0.9967,seed_235,0.9967,seed_235,"seed>=0.85,train>=0.85",
248,simple_booking_clean,хочу прием в субботу,0.7349,switch_041,0.8364,seed_241,0.8364,seed_241,,
249,simple_booking_clean,для мамы запись сделайте,0.7445,switch_002,0.7226,seed_252,0.7447,var_seed_232_96d4cb,,
250,simple_booking_clean,перенести мою запись на завтра,0.8595,switch_038,0.8708,seed_258,0.89,var_seed_312_03957d,"hard>=0.85,seed>=0.85,train>=0.85",
251,simple_booking_clean,сдвиньте прием на вечер,0.7992,switch_033,0.8098,seed_271,0.8547,var_seed_256_3cc95e,train>=0.85,
252,simple_booking_clean,моя запись на 11 перенести,0.814,switch_015,0.8511,seed_258,0.8072,var_seed_256_b1a2cf,seed>=0.85,
253,simple_booking_clean,отложите меня на следующую неделю,0.8168,switch_044,0.8966,seed_261,0.8737,seed_278,"seed>=0.85,train>=0.85",
254,simple_booking_clean,Перенесите на 16 число,0.7314,switch_044,0.8009,seed_256,0.8009,seed_256,,
255,simple_booking_clean,неудобно в это время поменяйте,0.6587,hard_097,0.7963,seed_285,0.8221,var_seed_274_b81005,,
256,simple_booking_clean,сдвинуть прием на утро,0.7364,switch_036,0.789,seed_276,0.8568,var_seed_256_3cc95e,train>=0.85,
257,simple_booking_clean,запись на вторник перенести,0.8789,switch_044,0.8333,seed_258,0.8742,var_seed_277_2c966a,"hard>=0.85,train>=0.85",
258,simple_booking_clean,меня на 14:00 переставьте,0.7089,switch_038,0.8048,seed_263,0.8048,seed_263,,
259,simple_booking_clean,перенос на пятницу прошу,0.8528,switch_044,0.8635,seed_256,0.9172,var_seed_256_b1a2cf,"hard>=0.85,seed>=0.85,train>=0.85",
260,simple_booking_clean,изменим время приема,0.7033,switch_033,0.8605,seed_280,0.929,var_seed_280_56bf2a,"seed>=0.85,train>=0.85",
261,simple_booking_clean,на вечерок сдвиньте мою очередь,0.7785,switch_033,0.8111,seed_276,0.8582,var_seed_273_fbcc42,train>=0.85,
262,simple_booking_clean,отменить запись на сегодня,0.8454,hard_094,0.857,seed_286,0.8837,var_seed_291_2988d1,"seed>=0.85,train>=0.85",
263,simple_booking_clean,снимите меня с 10 утра,0.8021,switch_036,0.7325,seed_290,0.8219,var_seed_313_4b92f2,,
264,simple_booking_clean,Отмена приема завтра,0.8227,switch_038,0.9086,seed_303,0.9401,var_seed_303_c4210e,"seed>=0.85,train>=0.85",
265,simple_booking_clean,не пойду отмените,0.7462,hard_040,0.8306,seed_299,0.8674,var_seed_302_0f18e0,train>=0.85,
266,simple_booking_clean,уберите мою запись на среду,0.8205,hard_094,0.8948,seed_293,0.8541,seed_295,"seed>=0.85,train>=0.85",
267,simple_booking_clean,отменяю визит в пятницу,0.8032,switch_038,0.8232,seed_293,0.843,var_seed_288_a1cf64,,
268,simple_booking_clean,с меня снимите прием,0.7093,hard_094,0.8328,seed_290,0.87,var_seed_313_4b92f2,train>=0.85,
269,simple_booking_clean,не нужно больше запись удалите,0.6947,hard_094,0.7416,seed_299,0.7343,seed_315,,
270,simple_booking_clean,Отменить на 15 число,0.7745,hard_040,0.7745,seed_291,0.7774,var_seed_291_c3748c,,
271,simple_booking_clean,вычеркните меня из графика,0.7014,hard_094,0.7513,seed_301,0.7823,var_seed_313_bcc01f,,
272,simple_booking_clean,запись на вечер отменить,0.8629,hard_094,0.8442,seed_286,0.8808,var_seed_291_2988d1,"hard>=0.85,train>=0.85",
273,simple_booking_clean,хочу зписаться на утро,0.8719,switch_036,0.8359,seed_260,0.8359,seed_260,hard>=0.85,
274,simple_booking_clean,стоматологу на завтра место,0.6831,switch_021,0.7331,seed_232,0.7781,var_seed_231_2bad1f,,
275,simple_booking_clean,запишите на чистку,0.8954,switch_012,0.9376,seed_231,0.9838,var_seed_231_ddcd07,"hard>=0.85,seed>=0.85,train>=0.85",
276,simple_booking_clean,ребенку прием запишите,0.7448,hard_069,0.7586,seed_234,0.8299,var_seed_239_82f359,,
277,simple_booking_clean,на выходные можно?,0.7497,switch_011,0.7815,seed_277,0.7943,var_seed_137_37b588,,
278,simple_booking_clean,перенос записи на понедельник,0.9128,switch_044,0.807,seed_278,0.8839,var_seed_256_b1a2cf,"hard>=0.85,train>=0.85",
279,simple_booking_clean,поменяйте мне время на позже,0.7591,switch_044,0.9096,seed_285,0.9096,seed_285,"seed>=0.85,train>=0.85",
280,simple_booking_clean,запись сдвинуть на час,0.755,switch_015,0.8197,seed_273,0.8638,var_seed_279_96e88a,train>=0.85,
281,simple_booking_clean,отложу прием на неделю,0.7605,switch_044,0.8165,seed_278,0.8393,var_seed_278_f188fe,,
282,simple_booking_clean,мне на 12 перенести,0.7495,switch_033,0.7783,seed_276,0.8441,var_seed_264_3ea925,,
283,simple_booking_clean,отмена на завтра утро,0.8299,switch_038,0.8247,seed_303,0.9572,var_seed_303_9e886f,train>=0.85,
284,simple_booking_clean,снимите запись ребенка,0.7247,hard_033,0.7801,seed_290,0.7801,seed_290,,
285,simple_booking_clean,не приду в субботу отмените,0.7339,switch_038,0.7783,seed_277,0.8246,var_seed_303_9df66b,,
286,simple_booking_clean,удалить мою очередь,0.706,hard_094,0.7838,seed_306,0.774,seed_295,,
287,simple_booking_clean,записатся на четверг,0.8054,switch_041,0.8877,seed_269,0.8877,seed_269,"seed>=0.85,train>=0.85",
288,simple_booking_clean,к стоматологу утром,0.7493,hard_091,0.7826,seed_232,0.7838,var_seed_232_5dea63,,
289,simple_booking_clean,место на осмотр есть,0.7148,switch_024,0.7468,seed_105,0.7838,var_seed_230_c48f8d,,
290,simple_booking_clean,для жены запишете,0.7417,hard_033,0.6986,seed_275,0.734,var_seed_232_96d4cb,,
291,simple_booking_clean,перенесите на вечер пятницы,0.8418,switch_033,0.8984,seed_256,0.8984,seed_256,"seed>=0.85,train>=0.85",
292,simple_booking_clean,измени время приема,0.6963,switch_044,0.8552,seed_280,0.9141,var_seed_280_56bf2a,"seed>=0.85,train>=0.85",
293,simple_booking_clean,сдвиг на вторник,0.6382,switch_044,0.6584,seed_256,0.7271,var_seed_253_8b2203,intra_pool>=0.90,сдвиг на утро вторника
294,simple_booking_clean,отменить все записи,0.8026,hard_094,0.8547,seed_314,0.8691,var_seed_305_220381,"seed>=0.85,train>=0.85",
295,simple_booking_clean,вычеркнуть из списка,0.6884,hard_040,0.7984,seed_301,0.7225,seed_295,,
296,simple_booking_clean,не нужен прием снимите,0.6528,hard_158,0.7581,seed_299,0.8244,var_seed_289_728acb,,
297,simple_booking_clean,хочу на приём в среду,0.8381,switch_041,0.8806,seed_241,0.8806,seed_241,"seed>=0.85,train>=0.85",
298,simple_booking_clean,запись к доктору,0.7513,hard_074,0.7454,seed_237,0.8067,var_seed_272_6ba313,,
299,simple_booking_clean,утренний слот свободен,0.655,switch_036,0.745,seed_229,0.8025,var_seed_244_98e373,,
300,simple_booking_clean,папе нужно записаться,0.7273,hard_087,0.7666,seed_226,0.7777,var_seed_235_454ab5,,
301,simple_booking_clean,перенос на 17е,0.6581,switch_044,0.7209,seed_278,0.7229,var_seed_264_3a5703,,
302,simple_booking_clean,поменять день приема,0.7019,switch_044,0.803,seed_280,0.8839,var_seed_280_56bf2a,train>=0.85,
303,simple_booking_clean,запись на утро отложите,0.8149,switch_036,0.8259,seed_260,0.852,var_seed_260_ff322f,train>=0.85,
304,simple_booking_clean,отмена визита,0.8068,hard_040,0.8154,seed_288,0.8852,var_seed_288_a1cf64,train>=0.85,
305,simple_booking_clean,уберите меня на завтра,0.8025,switch_021,0.771,seed_303,0.844,var_seed_312_03957d,,
306,simple_booking_clean,отменяю на вечер,0.8162,switch_038,0.8196,seed_293,0.8152,seed_271,,
307,simple_booking_clean,зписать на пятницу,0.7231,hard_081,0.7542,seed_262,0.8188,var_seed_262_2ffbd4,,
308,simple_booking_clean,стоматология запись,0.7206,hard_069,0.8047,seed_232,0.8187,var_seed_239_c06764,,
309,simple_booking_clean,на лечение запишитесь,0.7414,hard_074,0.7931,seed_237,0.7876,var_seed_230_9d7807,,
310,simple_booking_clean,перенести прием ребенка,0.6986,switch_033,0.9439,seed_265,0.9439,seed_265,"seed>=0.85,train>=0.85",
311,simple_booking_clean,не иду отмените очередь,0.7468,switch_050,0.7991,seed_312,0.8478,var_seed_289_3b56b1,,
312,simple_booking_clean,снимите с графика,0.6276,hard_033,0.6222,seed_290,0.6968,var_seed_313_4b92f2,,
313,simple_symptom_clean,десна ноет уже третий день,0.7889,hard_063,0.6697,seed_032,0.7606,var_seed_017_3fa77c,,
314,simple_symptom_clean,Зуб реагирует на горячую еду,0.7217,hard_171,0.7162,seed_031,0.7343,var_seed_004_b232b9,,
315,simple_symptom_clean,Щека припухла после вчерашнего,0.7996,switch_019,0.7836,seed_005,0.7886,var_seed_005_c8a869,,
316,simple_symptom_clean,Болит когда жую хлеб,0.6821,hard_122,0.7118,seed_025,0.695,var_seed_009_21ce42,,
317,simple_symptom_clean,эмаль стирается на передних,0.6051,hard_110,0.642,seed_211,0.708,var_seed_027_24cb09,,
318,simple_symptom_clean,десны красные и чешутся,0.7341,switch_037,0.8389,seed_032,0.8389,seed_032,,
319,simple_symptom_clean,зуб ноет ночью не сплю,0.8124,switch_031,0.8145,seed_021,0.8518,var_seed_017_c08e69,train>=0.85,
320,simple_symptom_clean,После яблока зуб заныл,0.6539,hard_124,0.6964,seed_031,0.766,var_seed_018_dafd8c,,
321,simple_symptom_clean,язык прикусываю больно,0.736,hard_122,0.7603,seed_001,0.7567,var_seed_077_b4d1ea,,
322,simple_symptom_clean,дырка в зубе растет,0.8577,switch_045,0.7323,seed_053,0.8175,var_seed_090_c34a5c,hard>=0.85,
323,simple_symptom_clean,десна отекла слегка,0.7318,switch_003,0.6934,seed_024,0.6951,var_seed_009_713a7a,,
324,simple_symptom_clean,Зубы чувствительны к сладкому,0.7964,hard_027,0.7431,seed_025,0.7923,var_seed_004_172696,,
325,simple_symptom_clean,боли в челюсти по утрам,0.7205,hard_061h,0.8075,seed_020,0.8585,var_seed_020_7da8a1,train>=0.85,
326,simple_symptom_clean,корень зуба ломит,0.7057,hard_173,0.7075,seed_001,0.7488,var_seed_007_4f46d1,,
327,simple_symptom_clean,щека тянет когда открываю рот,0.7207,hard_170,0.7992,seed_008,0.8186,var_seed_008_61852e,,
328,simple_symptom_clean,кровь из десны утром,0.7572,hard_200,0.6708,seed_020,0.7448,var_seed_026_355ba1,,
329,simple_symptom_clean,зуб шатается немного,0.8867,hard_171,0.778,seed_014,0.8077,var_seed_014_bac2b8,hard>=0.85,
330,simple_symptom_clean,температура щека горячая,0.7251,hard_013,0.6713,seed_005,0.6713,seed_005,,
331,simple_symptom_clean,ноет жевательный зуб,0.7761,switch_031,0.7154,seed_001,0.7996,var_seed_015_ad1159,,
332,simple_symptom_clean,десны кровоточат при чистке,0.8906,hard_105,0.7623,seed_026,0.9264,var_seed_026_d4f71c,"hard>=0.85,train>=0.85",
333,simple_symptom_clean,боль пульсирует в зубе,0.7532,hard_086,0.8203,seed_001,0.8363,var_seed_017_05690c,,
334,simple_symptom_clean,запах плохой изо рта,0.6781,hard_174,0.951,seed_011,0.7032,var_seed_077_b4d1ea,seed>=0.85,
335,simple_symptom_clean,зубы темнеют со временем,0.7782,hard_121,0.8248,seed_027,0.874,var_seed_027_938cd1,train>=0.85,
336,simple_symptom_clean,щека опухла от зуба,0.7831,switch_019,0.8225,seed_005,0.8806,var_seed_005_335836,train>=0.85,
337,simple_symptom_clean,реагирует на холодный воздух,0.6552,hard_116,0.7136,seed_004,0.7136,seed_004,,
338,simple_symptom_clean,десна болит при нажатии,0.7722,hard_160,0.7201,seed_012,0.77,var_seed_043_774824,,
339,simple_symptom_clean,устал от зубной боли,0.7949,switch_016,0.798,seed_001,0.7088,var_seed_060_de5a3a,,
340,simple_symptom_clean,флюс надувается,0.7615,hard_166,0.6942,seed_034,0.5917,seed_018,,
341,simple_symptom_clean,зуб крошится кусочками,0.765,hard_171,0.8731,seed_046,0.7711,var_seed_037_ba1d5a,seed>=0.85,
342,simple_symptom_clean,чувствую дискомфорт в деснах,0.7538,switch_003,0.6757,seed_024,0.8377,var_seed_032_0a86be,,
343,simple_symptom_clean,больно глотать слюну,0.6839,hard_049,0.6656,seed_001,0.668,var_seed_070_0fbf0f,,
344,simple_symptom_clean,кровоточит десна еле чищу,0.7867,hard_105,0.7145,seed_002,0.833,var_seed_026_74d5eb,,
345,simple_symptom_clean,нижняя челюсть ноет,0.7072,hard_174,0.7018,seed_003,0.8008,var_seed_006_72236d,,
346,simple_symptom_clean,зубы болят от кислого,0.7032,hard_027,0.7586,seed_001,0.7566,var_seed_004_186c53,,
347,simple_symptom_clean,отек под языком,0.6971,hard_198,0.6353,seed_035,0.7411,var_seed_005_335836,,
348,simple_symptom_clean,температура поднялась от зуба,0.7991,hard_140,0.7429,seed_001,0.7585,var_seed_004_186c53,,
349,simple_symptom_clean,дырка черная в боку,0.7031,hard_121,0.6242,seed_061,0.7135,var_seed_090_e916eb,,
350,simple_symptom_clean,десны отступают от зубов,0.7293,hard_171,0.7001,seed_022,0.7636,var_seed_007_9ee62c,,
351,simple_symptom_clean,боль простреливает в ухо,0.7002,hard_061h,0.7966,seed_015,0.7966,seed_015,,
352,simple_symptom_clean,зубы стучат от холода,0.7744,hard_116,0.7339,seed_001,0.8808,var_seed_004_186c53,train>=0.85,
353,simple_symptom_clean,щека болит внутри,0.7976,hard_128,0.7219,seed_001,0.8086,var_seed_029_d8b9ce,,
354,simple_symptom_clean,кровь мешает есть,0.6681,hard_056,0.6693,seed_028,0.6704,var_seed_013_92a211,,
355,simple_symptom_clean,ноет после еды сладкой,0.7844,hard_027,0.7552,seed_025,0.7404,var_seed_009_c39b28,,
356,simple_symptom_clean,десна гноится чуть,0.7385,hard_063,0.7135,seed_018,0.8054,var_seed_018_0eccec,,
357,simple_symptom_clean,челюсть клинит иногда,0.7256,hard_163,0.7107,seed_020,0.7373,var_seed_020_7da8a1,,
358,simple_symptom_clean,зуб чувствительный стал,0.7802,hard_126,0.6735,seed_031,0.7951,var_seed_004_172696,,
359,simple_symptom_clean,раздражает постоянная боль,0.6985,hard_036,0.6924,seed_001,0.6785,seed_017,,
360,simple_symptom_clean,температура и зуб ноет,0.7914,hard_116,0.6825,seed_001,0.8105,var_seed_004_8fd4a9,,
361,simple_symptom_clean,дырка в молочном зубе,0.7675,switch_045,0.7012,seed_061,0.7632,var_seed_090_2e6509,,
362,simple_symptom_clean,десны зудят ночью,0.6796,switch_003,0.7269,seed_021,0.7884,var_seed_032_3ae814,,
363,simple_symptom_clean,боль от верхнего зуба,0.7051,hard_132,0.7665,seed_001,0.7711,var_seed_015_bebffd,,
364,simple_symptom_clean,кровит когда чищу сильно,0.7382,hard_135,0.7561,seed_026,0.7561,seed_026,,
365,simple_symptom_clean,щека тянет и болит,0.72,switch_019,0.725,seed_005,0.7337,var_seed_029_d8b9ce,,
366,simple_symptom_clean,зубы желтеют быстро,0.7012,hard_174,0.6875,seed_027,0.7215,var_seed_027_938cd1,,
367,simple_symptom_clean,пульсация в десне,0.6867,switch_003,0.7035,seed_033,0.7192,var_seed_032_3ae814,,
368,simple_symptom_clean,устала терпеть ноющую боль,0.709,switch_016,0.6682,seed_015,0.6873,var_seed_413_6de7f0,,
369,simple_symptom_clean,отек десны вырос,0.7742,hard_172,0.6609,seed_033,0.6605,var_seed_018_bd319c,,
370,simple_symptom_clean,больно кусать твердое,0.7214,hard_122,0.7225,seed_001,0.7181,var_seed_004_186c53,,
371,simple_symptom_clean,кровь из зуба капает,0.8248,hard_048,0.7832,seed_026,0.7939,var_seed_013_92a211,,
372,simple_symptom_clean,чувствительность на горячее,0.6103,hard_023,0.854,seed_004,0.854,seed_004,"seed>=0.85,train>=0.85",
373,simple_symptom_clean,десна воспалена красная,0.7413,switch_026,0.688,seed_030,0.701,var_seed_012_ed826c,,
374,simple_symptom_clean,зуб ломит в холод,0.786,hard_116,0.7274,seed_001,0.8637,var_seed_004_186c53,train>=0.85,
375,simple_symptom_clean,температура от флюса,0.6376,hard_139,0.6027,seed_034,0.5623,seed_004,,
376,simple_symptom_clean,шатается передний зуб,0.8261,hard_171,0.865,seed_041,0.8669,var_seed_041_d760af,"seed>=0.85,train>=0.85",
377,simple_symptom_clean,ноет весь ряд зубов,0.7729,hard_174,0.6855,seed_063,0.7638,var_seed_015_ad1159,,
378,simple_symptom_clean,десны болят при еде,0.7251,switch_003,0.688,seed_028,0.7385,var_seed_009_713a7a,,
379,simple_symptom_clean,боль отдаёт в голову,0.731,hard_060,0.8214,seed_015,0.8214,seed_015,,
380,simple_symptom_clean,кровоточит сильно десна,0.8224,hard_188,0.8198,seed_002,0.8239,var_seed_032_3ae814,,
381,simple_symptom_clean,зуб ноет от вчера,0.8224,hard_174,0.786,seed_001,0.8006,var_seed_015_ad1159,,
382,simple_symptom_clean,щека горячая опухшая,0.7599,switch_019,0.8064,seed_005,0.8148,var_seed_005_c8a869,,
383,simple_symptom_clean,эмаль тонкая трескалась,0.5842,hard_171,0.6088,seed_052,0.6469,var_seed_211_e6eec2,,
384,simple_symptom_clean,раздражает зуд в деснах,0.688,switch_003,0.6709,seed_001,0.922,var_seed_032_0a86be,train>=0.85,
385,simple_symptom_clean,пульсирует корень,0.6421,hard_166,0.6365,seed_007,0.6365,seed_007,,
386,simple_symptom_clean,больно дышать холодным,0.6875,hard_116,0.667,seed_004,0.7728,var_seed_004_186c53,,
387,simple_symptom_clean,десна кровит утром кофе,0.7312,hard_188,0.6564,seed_001,0.7296,var_seed_071_89ffcd,,
388,simple_symptom_clean,зубы ноют от усталости,0.7793,hard_174,0.7429,seed_001,0.7684,var_seed_006_35a899,,
389,simple_symptom_clean,отек челюсти небольшой,0.628,hard_198,0.5968,seed_023,0.661,var_seed_023_7140e7,,
390,simple_symptom_clean,не могу есть нормально,0.7067,switch_031,0.6966,seed_028,0.7119,var_seed_019_f23602,,
391,simple_symptom_clean,температура щека жжёт,0.7308,hard_013,0.6887,seed_005,0.6887,seed_005,,
392,simple_symptom_clean,дырка болит надавить,0.6762,hard_160,0.6964,seed_001,0.7648,var_seed_090_e916eb,,
393,simple_symptom_clean,десны чувствительные стали,0.6232,hard_023,0.6575,seed_081,0.6575,seed_081,,
394,simple_symptom_clean,десна кровоточит когда чищу зубы,0.874,hard_117,0.8529,seed_026,0.9361,var_seed_026_74d5eb,"hard>=0.85,seed>=0.85,train>=0.85",
395,simple_symptom_clean,Зуб ноет уже третий день подряд,0.8041,hard_174,0.7023,seed_001,0.7732,var_seed_017_3fa77c,,
396,simple_symptom_clean,щука опухла чуток после вчерашнего,0.6709,switch_019,0.6761,seed_005,0.6892,var_seed_005_c8a869,,
397,simple_symptom_clean,больно жевать на правой стороне,0.7159,hard_122,0.9583,seed_009,0.9583,seed_009,"seed>=0.85,train>=0.85",
398,simple_symptom_clean,зубик реагирует на холодную воду,0.7498,hard_116,0.6904,seed_022,0.8271,var_seed_004_172696,,
399,simple_symptom_clean,Десны чешутся и красные стали,0.7,hard_169,0.7451,seed_030,0.7813,var_seed_032_82f79c,,
400,simple_symptom_clean,ноет корень зуба при наклоне,0.6837,hard_116,0.6725,seed_001,0.7128,var_seed_006_35a899,,
401,simple_symptom_clean,флюс на десне выскочил вчера,0.8233,hard_125,0.7104,seed_033,0.6882,var_seed_009_713a7a,,
402,simple_symptom_clean,боль в зубе усиливается вечером,0.7456,hard_140,0.7802,seed_001,0.8471,var_seed_017_503d36,,
403,simple_symptom_clean,чувствую дырку в переднем зубе,0.8186,hard_121,0.7595,seed_041,0.7912,var_seed_065_3927dc,,
404,simple_symptom_clean,Ребенку 7 лет зуб болит сильно,0.8229,switch_042,0.7588,seed_001,0.8015,var_seed_029_dd7efa,,
405,simple_symptom_clean,десна отекла под нижним зубом,0.7475,hard_131,0.6944,seed_006,0.7621,var_seed_005_335836,,
406,simple_symptom_clean,зубы чувствительные к сладкому стали,0.7187,hard_027,0.6901,seed_025,0.7677,var_seed_004_172696,intra_pool>=0.90,Зубы чувствительны к сладкому
407,simple_symptom_clean,постоянно тянет щеку изнутри,0.702,switch_019,0.6974,seed_029,0.8005,var_seed_029_d8b9ce,,
408,simple_symptom_clean,кровь из десны по утрам идет,0.804,hard_200,0.7042,seed_002,0.7568,var_seed_026_4353ef,intra_pool>=0.90,кровь из десны утром
409,simple_symptom_clean,Болит когда на него нажимаю,0.7049,hard_036,0.7294,seed_001,0.6832,var_seed_196_93e065,,
410,simple_symptom_clean,запах странный изо рта появился,0.6852,hard_199,0.907,seed_011,0.6971,var_seed_070_542f5b,seed>=0.85,
411,simple_symptom_clean,жевательный зуб заболел внезапно,0.772,hard_122,0.7244,seed_001,0.7505,var_seed_006_884cd3,,
412,simple_symptom_clean,температура поднялась и зуб ноет,0.791,hard_116,0.7257,seed_001,0.7889,var_seed_004_8fd4a9,intra_pool>=0.90,температура и зуб ноет
413,simple_symptom_clean,десны болят при еде горячей,0.7218,hard_132,0.7472,seed_016,0.7835,var_seed_012_ed826c,intra_pool>=0.90,десны болят при еде
414,simple_symptom_clean,Щека припухла после удара,0.7459,hard_061j,0.7842,seed_031,0.7906,var_seed_005_335836,,
415,simple_symptom_clean,зуб реагирует на воздух холодный,0.7693,hard_116,0.6925,seed_022,0.8417,var_seed_004_172696,intra_pool>=0.90,зубик реагирует на холодную воду
416,simple_symptom_clean,устал от этой боли в десне,0.768,switch_013,0.6642,seed_001,0.7071,var_seed_024_9ffb5d,,
417,simple_symptom_clean,пульсация в зубе ночью мешает,0.6931,hard_140,0.7735,seed_017,0.9279,var_seed_017_05690c,train>=0.85,
418,simple_symptom_clean,опухоль на десне растет,0.843,hard_172,0.7559,seed_033,0.728,seed_024,,
419,simple_symptom_clean,больно чистить зубы теперь,0.7484,hard_144,0.7594,seed_001,0.8303,var_seed_056_9f575f,,
420,simple_symptom_clean,Дырка большая в зубе появилась,0.8357,switch_045,0.7402,seed_053,0.7985,var_seed_090_2e6509,,
421,simple_symptom_clean,кровит десна без причины,0.7664,hard_194,0.6904,seed_002,0.728,var_seed_026_d4f71c,,
422,simple_symptom_clean,зубы ноют от мороженого,0.8137,hard_116,0.6907,seed_001,0.8468,var_seed_004_8fd4a9,,
423,simple_symptom_clean,щека горячая и болит внутри,0.7365,hard_149,0.6663,seed_005,0.7169,var_seed_029_d8b9ce,intra_pool>=0.90,щека болит внутри
424,simple_symptom_clean,После яблока зуб заболел,0.6898,hard_124,0.7173,seed_001,0.8114,var_seed_049_38a218,intra_pool>=0.90,После яблока зуб заныл
425,simple_symptom_clean,десна воспалилась сильно,0.8157,hard_188,0.7055,seed_001,0.7894,var_seed_032_3ae814,,
426,simple_symptom_clean,чувствительность к теплу выросла,0.6773,switch_034,0.7402,seed_004,0.7402,seed_004,,
427,simple_symptom_clean,ноет верхний зуб справа,0.7417,hard_174,0.7396,seed_006,0.8316,var_seed_006_35a899,,
428,simple_symptom_clean,гнилостный привкус во рту,0.6356,hard_174,0.752,seed_011,0.6712,var_seed_077_b4d1ea,,
429,simple_symptom_clean,Болит десна у молочного зуба,0.7314,hard_132,0.7657,seed_001,0.7009,var_seed_004_186c53,,
430,simple_symptom_clean,зуб пульсирует при ходьбе,0.7589,hard_171,0.7224,seed_001,0.8191,var_seed_017_05690c,,
431,simple_symptom_clean,опухла щека от зуба,0.7988,switch_019,0.856,seed_005,0.8989,var_seed_005_335836,"seed>=0.85,train>=0.85",
432,simple_symptom_clean,кровь с десны капает,0.7908,hard_200,0.7357,seed_002,0.7867,var_seed_026_4353ef,,
433,simple_symptom_clean,реагирует на соленое сильно,0.6056,hard_199,0.6338,seed_025,0.6197,var_seed_326_c6bc4f,,
434,simple_symptom_clean,устала терпеть эту зубную боль,0.8047,switch_016,0.7608,seed_001,0.6887,seed_006,,
435,simple_symptom_clean,Десна болит и чешется,0.7871,hard_167,0.8012,seed_002,0.7431,seed_032,,
436,simple_symptom_clean,зуб ноет после чая горячего,0.7548,hard_116,0.6864,seed_001,0.77,var_seed_004_8fd4a9,,
437,simple_symptom_clean,температура 38 и десна опухла,0.7616,hard_061c,0.7459,seed_012,0.8517,var_seed_012_ed826c,train>=0.85,
438,simple_symptom_clean,прострелило зуб вчера вечером,0.7621,hard_048,0.7372,seed_021,0.7708,var_seed_017_503d36,,
439,simple_symptom_clean,дырка в зубе углубилась,0.8307,switch_045,0.7361,seed_053,0.8135,var_seed_090_2e6509,,
440,simple_symptom_clean,больно глотать из-за десны,0.7298,hard_132,0.7039,seed_018,0.7458,var_seed_032_0a86be,,
441,simple_symptom_clean,щука тянет и ноет,0.6459,hard_166,0.6598,seed_003,0.6639,var_seed_017_7004f9,,
442,simple_symptom_clean,кровоточивость десен усилилась,0.7661,hard_188,0.7697,seed_002,0.7416,var_seed_026_4353ef,,
443,simple_symptom_clean,зуб чувствителен к давлению,0.7251,hard_171,0.7482,seed_001,0.8159,var_seed_004_172696,,
444,simple_symptom_clean,флюс прорвало гноем,0.6797,hard_169,0.7031,seed_034,0.6154,var_seed_018_8d70b7,,
445,simple_symptom_clean,ноет зубик у ребенка ночью,0.7778,hard_120,0.7779,seed_021,0.7982,var_seed_017_503d36,,
446,simple_symptom_clean,десны краснеют и болят,0.7503,switch_003,0.8073,seed_030,0.76,var_seed_032_0a86be,,
447,simple_symptom_clean,боль от зуба отдаёт в ухо,0.7168,hard_086,0.7908,seed_015,0.8523,var_seed_015_32ebab,train>=0.85,
448,simple_symptom_clean,после ореха зуб разболелся,0.8576,hard_130,0.7055,seed_031,0.8007,var_seed_037_c5df4b,hard>=0.85,
449,simple_symptom_clean,запах из зуба плохой,0.735,hard_174,0.837,seed_011,0.7039,var_seed_017_503d36,,
450,simple_symptom_clean,опухло под зубом сильно,0.6931,hard_131,0.6843,seed_013,0.8365,var_seed_005_335836,,
451,simple_symptom_clean,реагирует на сладкий сок,0.6209,hard_027,0.7058,seed_025,0.6306,var_seed_077_c94fcb,,
452,simple_symptom_clean,десна ноет постоянно,0.7828,hard_063,0.6762,seed_043,0.7633,var_seed_006_72236d,,
453,simple_symptom_clean,кровь мешает есть нормально,0.6244,hard_124,0.5899,seed_028,0.6113,var_seed_013_92a211,intra_pool>=0.90,кровь мешает есть
454,simple_symptom_clean,зубы болят при вдохе,0.7146,hard_086,0.7768,seed_001,0.7209,var_seed_004_186c53,,
455,simple_symptom_clean,щека увеличилась в размере,0.8481,switch_034,0.7224,seed_053,0.7508,var_seed_023_65168c,,
456,simple_symptom_clean,больно трогать десну,0.7553,switch_003,0.7087,seed_043,0.7871,var_seed_032_3ae814,,
457,simple_symptom_clean,температура и зуб ноет ужасно,0.7602,hard_174,0.6666,seed_001,0.7666,var_seed_004_8fd4a9,intra_pool>=0.90,температура и зуб ноет
458,simple_symptom_clean,дырка чёрная в зубе видна,0.7618,hard_121,0.7857,seed_061,0.7857,seed_061,,
459,simple_symptom_clean,пульсирует десна у корня,0.6701,hard_188,0.6598,seed_043,0.6842,var_seed_007_7d1fd3,,
460,simple_symptom_clean,чувствую нагноение внутри,0.6474,hard_198,0.6739,seed_274,0.6951,var_seed_003_cd3f51,,
461,simple_symptom_clean,зуб реагирует на ветерок,0.7579,hard_171,0.7274,seed_022,0.7274,seed_022,,
462,simple_symptom_clean,надоело от этой боли в щеке,0.7029,switch_019,0.6643,seed_005,0.6643,seed_005,,
463,simple_symptom_clean,десна отекает по вечерам,0.7309,hard_188,0.7133,seed_021,0.7408,var_seed_017_503d36,,
464,simple_symptom_clean,кровит после каждого приема пищи,0.7001,hard_135,0.6902,seed_013,0.7328,var_seed_013_6756f9,,
465,simple_symptom_clean,ноет нижний ряд зубов,0.7416,hard_174,0.7204,seed_006,0.8475,var_seed_006_35a899,,
466,simple_symptom_clean,боль простреляет в челюсть,0.7825,hard_061h,0.7361,seed_008,0.7535,var_seed_020_001fa6,,
467,simple_symptom_clean,ребенок плачет из-за зуба,0.7817,hard_184,0.7825,seed_014,0.8028,var_seed_060_554b60,,
468,simple_symptom_clean,опухоль на десне не спадает,0.7272,hard_172,0.7011,seed_024,0.7011,seed_024,,
469,simple_symptom_clean,зубик чувствительный к кислому,0.6797,hard_023,0.6599,seed_001,0.8097,var_seed_004_172696,,
470,simple_symptom_clean,ужасно болит при жевании,0.8268,hard_122,0.7342,seed_009,0.738,var_seed_009_21ce42,,
471,simple_symptom_clean,гной из десны сочится,0.8615,hard_169,0.8729,seed_018,1.0,var_seed_018_bd319c,"hard>=0.85,seed>=0.85,train>=0.85",
472,simple_symptom_clean,десны зудят и саднят,0.7112,switch_003,0.7107,seed_032,0.8028,var_seed_032_0a86be,,
473,entity_held_out_simple,делаете имплантацию зубов?,0.8015,switch_035,0.7793,seed_170,0.8626,var_seed_072_196ce6,train>=0.85,
474,entity_held_out_simple,есть брекеты металлические?,0.6821,hard_090,0.8335,seed_221,0.7058,seed_178,,
475,entity_held_out_simple,СКОЛЬКО виниры стоят?,0.7056,switch_001,0.8744,seed_109,0.7249,var_seed_074_0566c3,seed>=0.85,
476,entity_held_out_simple,возможно протезирование на импланты,0.7355,hard_030,0.9155,seed_084,0.8634,var_seed_076_c29637,"seed>=0.85,train>=0.85",
477,entity_held_out_simple,чистка ультразвуком делаете?,0.6989,hard_088,0.6766,seed_107,0.6777,var_seed_075_5d349b,,
478,entity_held_out_simple,скока стоит удаление зуба мудрости,0.7491,hard_014,0.9568,seed_111,0.7577,seed_199,seed>=0.85,
479,entity_held_out_simple,Есть ли лазерное отбеливание?,0.7288,switch_043,0.7463,seed_112,0.7475,var_seed_098_576130,,
480,entity_held_out_simple,лечение каналов под микроскопом возможно?,0.6935,hard_022,0.7699,seed_091,0.7699,seed_091,,
481,entity_held_out_simple,фибры ставите?,0.5837,switch_007,0.6119,seed_350,0.6835,var_seed_072_196ce6,,
482,entity_held_out_simple,сколько панорамный снимок,0.7411,switch_046,0.6681,seed_131,0.6288,var_seed_116_fb0fd2,,
483,entity_held_out_simple,Делаете ли коронки из циркония?,0.6159,hard_108,0.8656,seed_113,0.9254,var_seed_094_00d59f,"seed>=0.85,train>=0.85",
484,entity_held_out_simple,есть услуга установки штифтов,0.5963,hard_026,0.5876,seed_072,0.6155,var_seed_178_a28ce6,,
485,entity_held_out_simple,Скока брекеты сапфировые?,0.587,hard_112,0.6226,seed_221,0.6275,var_seed_202_664179,,
486,entity_held_out_simple,воздушная абразия есть у вас,0.5816,switch_047,0.56,seed_375,0.6922,var_seed_164_0c80b9,,
487,entity_held_out_simple,профессиональная чистка сколько,0.8021,hard_088,0.7857,seed_107,0.7979,var_seed_107_ae47d1,,
488,entity_held_out_simple,делаете мостовидные протезы?,0.6213,hard_030,0.726,seed_180,0.7787,var_seed_079_bba6ab,,
489,entity_held_out_simple,сколько стоит реставрация зуба,0.7499,hard_001,0.7852,seed_131,0.8048,var_seed_107_6fa8a1,,
490,entity_held_out_simple,Есть ли несъемные протезы?,0.5833,hard_030,0.7579,seed_058,0.7605,var_seed_058_d63863,,
491,entity_held_out_simple,керамические вкладки ставят?,0.551,switch_007,0.708,seed_100,0.578,var_seed_072_196ce6,,
492,entity_held_out_simple,скока элайнеры,0.5599,hard_029,0.7176,seed_078,0.7062,var_seed_108_9d7361,,
493,entity_held_out_simple,лечение пародонтита делаете,0.6164,hard_015,0.6462,seed_174,0.6601,var_seed_147_086f60,,
494,entity_held_out_simple,векторная чистка есть?,0.6233,hard_088,0.632,seed_107,0.632,seed_107,,
495,entity_held_out_simple,сколько адгезивные мосты,0.4982,hard_109,0.5473,seed_119,0.5982,var_seed_122_4421a6,,
496,entity_held_out_simple,делаете ли отбеливание капами,0.6368,hard_012,0.6834,seed_071,0.7053,var_seed_071_51a93f,,
497,entity_held_out_simple,есть бюгельные протезы,0.5931,hard_090,0.6694,seed_084,0.6781,var_seed_180_0a3aa1,,
498,entity_held_out_simple,Сколько стоит пломба световая,0.8023,switch_032,0.7986,seed_121,0.7015,var_seed_114_9d203a,,
499,entity_held_out_simple,терапия корневых каналов под лупой?,0.597,hard_022,0.6742,seed_091,0.6742,seed_091,,
500,entity_held_out_simple,скока стоит трейнеры для прикуса,0.5618,switch_001,0.5692,seed_077,0.7053,var_seed_127_10f352,,
501,entity_held_out_simple,лазерное лечение десен делаете,0.6812,hard_092,0.6783,seed_098,0.7668,var_seed_098_576130,,
502,entity_held_out_simple,сколько циркониевые коронки,0.5252,hard_009,0.7241,seed_094,0.7529,var_seed_094_ad295a,,
503,entity_held_out_simple,Делаете ли селективное шлифование?,0.544,switch_011,0.5712,seed_350,0.6279,var_seed_098_80ed5a,,
504,entity_held_out_simple,гибкие протезы ставите,0.6327,hard_030,0.6708,seed_058,0.7526,var_seed_180_228bf3,,
505,entity_held_out_simple,скока кт челюсти,0.598,hard_061h,0.614,seed_079,0.743,var_seed_104_86b113,,
506,entity_held_out_simple,есть миобрейсы,0.5376,switch_014,0.5473,seed_078,0.571,var_seed_164_0c80b9,,
507,entity_held_out_simple,лечение гингивита возможно,0.6399,hard_032,0.5775,seed_150,0.6254,var_seed_209_baac4b,,
508,entity_held_out_simple,сколько стоит композитные виниры,0.5871,switch_001,0.8136,seed_109,0.63,var_seed_074_0566c3,,
509,entity_held_out_simple,делаете установку диастемных плакеток?,0.6437,switch_007,0.6483,seed_178,0.7154,var_seed_072_196ce6,,
510,entity_held_out_simple,акриловые протезы есть у вас,0.6239,hard_090,0.6882,seed_084,0.6972,var_seed_122_7d06a1,,
511,entity_held_out_simple,Скока стоит фиссурная пломба,0.7842,switch_032,0.7784,seed_121,0.7478,seed_132,,
512,entity_held_out_simple,эндодонтия машинными файлами?,0.6428,hard_073,0.5617,seed_104,0.6418,var_seed_153_4d4e50,,
513,entity_held_out_simple,есть услуга реминирализации эмали,0.6094,hard_110,0.6196,seed_211,0.6309,var_seed_211_8134df,,
514,entity_held_out_simple,сколько брекеты лингвальные,0.6347,hard_112,0.6825,seed_108,0.7213,var_seed_108_7fab6b,,
515,entity_held_out_simple,пластика уздечки делаете,0.5594,hard_090,0.7721,seed_097,0.7838,var_seed_081_8f396c,,
516,entity_held_out_simple,скока съемные протезы,0.5546,hard_030,0.7104,seed_058,0.8878,var_seed_122_158549,train>=0.85,
517,entity_held_out_simple,керамические брекеты ставят?,0.7318,hard_112,0.8229,seed_178,0.8229,seed_178,,
518,entity_held_out_simple,есть озонирование каналов,0.5354,hard_022,0.6531,seed_091,0.713,var_seed_091_de70bd,,
519,entity_held_out_simple,сколько стоит герметизация фиссур,0.6514,hard_159,0.9619,seed_132,0.9619,seed_132,"seed>=0.85,train>=0.85",
520,entity_held_out_simple,делаете ли ретенционные аппараты,0.5523,hard_025,0.5352,seed_160,0.5886,var_seed_074_551041,,
521,entity_held_out_simple,металлокерамика коронки скока,0.4722,hard_009,0.5575,seed_094,0.7329,var_seed_113_516365,,
522,entity_held_out_simple,есть лазерное вапоризаторное отбеливание?,0.6505,switch_043,0.6638,seed_112,0.7031,var_seed_098_e5c3b4,,
523,entity_held_out_simple,лечение гиперчувствительности зубов,0.6566,hard_023,0.5907,seed_001,0.6519,var_seed_004_172696,,
524,entity_held_out_simple,Сколько стоит артроскопия ВНЧС,0.5603,switch_001,0.5954,seed_117,0.6019,var_seed_116_fb0fd2,,
525,entity_held_out_simple,делаете установку мини-имплантов,0.6801,switch_007,0.6924,seed_072,0.7959,var_seed_072_196ce6,,
526,entity_held_out_simple,скока аппараты функциональной окклюзии,0.4287,hard_050,0.4697,seed_058,0.6849,var_seed_122_158549,,
527,entity_held_out_simple,есть услуга установки телескопических коронок,0.5724,hard_082,0.6351,seed_215,0.6514,var_seed_093_66ffd0,,
528,entity_held_out_simple,процедура установки кнопочных замков для протезов?,0.586,hard_111,0.6381,seed_180,0.6571,var_seed_180_228bf3,,
529,entity_held_out_simple,сколько стоит шлифовка зубов,0.7307,hard_001,0.7408,seed_131,0.844,var_seed_107_6fa8a1,,
530,entity_held_out_simple,есть лазерное отбеливание зубов?,0.6953,hard_023,0.6758,seed_112,0.7843,var_seed_098_fef186,intra_pool>=0.90,Есть ли лазерное отбеливание?
531,entity_held_out_simple,сколько протезирование на имплантах?,0.764,hard_095,0.8075,seed_084,0.8367,var_seed_122_4421a6,,
532,entity_held_out_simple,устанавливаете брекеты сапфировые?,0.7035,hard_090,0.7539,seed_178,0.7596,var_seed_178_a28ce6,,
533,entity_held_out_simple,возможна чистка ультразвуком?,0.7135,hard_114,0.6943,seed_107,0.6943,seed_107,,
534,entity_held_out_simple,лечите каналы под микроскопом?,0.6789,hard_022,0.7611,seed_091,0.7712,var_seed_123_b1c2a0,intra_pool>=0.90,лечение каналов под микроскопом возможно?
535,entity_held_out_simple,делаете съемные протезы акриловые?,0.5716,switch_035,0.6944,seed_058,0.6997,var_seed_058_d63863,,
536,entity_held_out_simple,есть услуга установки штифтов?,0.5984,hard_026,0.6022,seed_194,0.6166,var_seed_178_a28ce6,intra_pool>=0.90,есть услуга установки штифтов
537,entity_held_out_simple,керамические вкладки ставите?,0.5511,switch_007,0.7193,seed_100,0.6183,var_seed_072_196ce6,intra_pool>=0.90,керамические вкладки ставят?
538,entity_held_out_simple,профилактика для детей есть?,0.5991,hard_028,0.6724,seed_086,0.6724,seed_086,,
539,entity_held_out_simple,удаление зубов мудрости под наркозом?,0.6978,hard_005,0.7923,seed_199,0.7923,seed_199,,
540,entity_held_out_simple,элайнеры прозрачные делаете?,0.6107,hard_029,0.7226,seed_078,0.6528,var_seed_074_551041,,
541,entity_held_out_simple,пломбы светоотверждаемые ставят?,0.6765,switch_032,0.6806,seed_220,0.7281,var_seed_220_fe9782,,
542,entity_held_out_simple,резекция корня возможна?,0.5954,hard_155,0.5885,seed_007,0.5885,seed_007,,
543,entity_held_out_simple,мостовидные мосты на зубы?,0.5938,hard_109,0.6482,seed_217,0.7529,var_seed_079_c80747,,
544,entity_held_out_simple,герметизация фиссур у вас?,0.5589,switch_007,0.8161,seed_132,0.8272,var_seed_132_da3bed,,
545,entity_held_out_simple,лингвальные брекеты ставите?,0.7241,hard_112,0.7899,seed_178,0.7899,seed_178,,
546,entity_held_out_simple,фторирование эмали делают?,0.6557,hard_110,0.7258,seed_088,0.7626,var_seed_088_d87ade,,
547,entity_held_out_simple,адгезивные мосты возможны?,0.5758,hard_109,0.6144,seed_217,0.6144,seed_217,,
548,entity_held_out_simple,сколько одноэтапные импланты?,0.657,hard_095,0.6898,seed_204,0.6898,seed_204,,
549,entity_held_out_simple,пломбирование временное есть?,0.6571,hard_003,0.6985,seed_042,0.6849,var_seed_220_2dd9c1,,
550,entity_held_out_simple,кэпинг перед имплантами?,0.6324,switch_007,0.6346,seed_216,0.6548,var_seed_072_196ce6,,
551,entity_held_out_simple,самолигирующие брекеты?,0.6365,hard_004,0.6682,seed_178,0.6682,seed_178,,
552,entity_held_out_simple,серебрение зубов детям?,0.6791,hard_028,0.7159,seed_169,0.6888,var_seed_124_8287bd,,
553,entity_held_out_simple,бюгельные протезы делают?,0.586,hard_004,0.7082,seed_180,0.7291,var_seed_180_664a94,intra_pool>=0.90,есть бюгельные протезы
554,entity_held_out_simple,артроскопия челюсти есть?,0.5984,hard_163,0.6063,seed_179,0.672,var_seed_153_bcb850,,
555,entity_held_out_simple,реконструкция десны?,0.6314,hard_030,0.6904,seed_081,0.6904,seed_081,,
556,entity_held_out_simple,миниимпланты ставят?,0.6497,switch_007,0.6463,seed_196,0.6674,var_seed_170_9425c0,,
557,entity_held_out_simple,шлифовка для брекетов?,0.6447,hard_090,0.7008,seed_208,0.7008,seed_208,,
558,entity_held_out_simple,У вас есть услуга установки коронок из циркония?,0.587,hard_082,0.741,seed_113,0.814,var_seed_094_00d59f,,
559,entity_held_out_simple,возможно лечение пародонтита?,0.6733,hard_068,0.7601,seed_174,0.655,var_seed_089_a9faf1,,
560,entity_held_out_simple,металлокерамика на зубы?,0.6073,switch_037,0.6671,seed_221,0.6756,var_seed_060_cf9c7e,,
561,entity_held_out_simple,аппликации кальция делают?,0.5745,switch_007,0.5682,seed_170,0.6018,var_seed_072_196ce6,,
562,entity_held_out_simple,дискотомия челюсти?,0.6116,hard_163,0.5942,seed_008,0.679,var_seed_153_bcb850,,
563,entity_held_out_simple,гибкие протезы есть?,0.5945,hard_030,0.6665,seed_058,0.6868,var_seed_180_664a94,,
564,entity_held_out_simple,активированное отбеливание?,0.6709,switch_043,0.7082,seed_071,0.7082,seed_071,,
565,entity_held_out_simple,пластика уздечки языка?,0.5394,hard_171,0.8125,seed_097,0.8125,seed_097,,
566,entity_held_out_simple,скобы на зубы ставите?,0.5922,hard_151,0.6078,seed_232,0.6471,var_seed_349_c33c4a,,
567,entity_held_out_simple,сколько стоят пластмассовые протезы,0.6947,hard_095,0.8252,seed_122,0.8565,var_seed_122_4298ce,train>=0.85,
568,entity_held_out_simple,делаете ли реставрацию композитами?,0.5311,switch_035,0.6999,seed_099,0.6999,seed_099,,
569,entity_held_out_simple,есть ли услуга трейнеров для челюсти?,0.6245,hard_163,0.5877,seed_194,0.7071,var_seed_104_2bb4db,,
570,entity_held_out_simple,подгонка капы ночной?,0.6092,switch_033,0.6568,seed_102,0.6905,var_seed_102_1463d2,,
571,entity_held_out_simple,иммобилизация зуба?,0.6344,hard_173,0.6389,seed_001,0.6303,seed_209,,
572,entity_held_out_simple,оксид циркония коронки?,0.5319,hard_108,0.7343,seed_113,0.7519,var_seed_094_00d59f,,
573,entity_held_out_simple,магнитные замки на протезы?,0.6104,hard_030,0.7144,seed_084,0.6878,var_seed_076_c29637,,
574,entity_held_out_simple,фибровые штифты ставят?,0.5305,hard_026,0.5536,seed_178,0.5536,seed_178,,
575,entity_held_out_simple,миотерапия для детей?,0.6003,hard_028,0.6689,seed_173,0.6689,seed_173,,
576,entity_held_out_simple,телемикроскопия есть?,0.4771,hard_100,0.5456,seed_154,0.6051,var_seed_154_4deeed,,
577,entity_held_out_simple,кальцификация каналов?,0.5798,hard_022,0.6209,seed_091,0.6486,var_seed_123_b1c2a0,,
578,entity_held_out_simple,телескопические коронки?,0.5886,hard_108,0.6197,seed_113,0.6804,var_seed_094_00d59f,,
579,entity_held_out_simple,суперэластичные дуги для брекетов?,0.598,hard_090,0.6065,seed_202,0.6094,var_seed_108_e69445,,
580,entity_held_out_simple,пародонтальный скейлинг?,0.626,hard_015,0.6704,seed_174,0.5509,var_seed_089_a9faf1,,
581,entity_held_out_simple,обточка под коронку?,0.6463,hard_108,0.6701,seed_093,0.6877,var_seed_093_66ffd0,,
582,entity_held_out_simple,штифтование корневых каналов?,0.5089,hard_022,0.5845,seed_091,0.6002,var_seed_091_de70bd,,
583,entity_held_out_simple,есть ли услуга установки кнопочных замков?,0.5551,switch_024,0.5539,seed_138,0.5509,var_seed_401_372f33,,
584,entity_held_out_simple,клампы на протез?,0.63,hard_030,0.7045,seed_084,0.6936,var_seed_076_c29637,,
585,entity_held_out_simple,реминирализация эмали?,0.6546,hard_110,0.6759,seed_211,0.6759,seed_211,,
586,faq_vs_anamnesis_borderline,зуб ноет после пломбы уже неделю это норма?,0.8736,hard_011,0.6648,seed_200,0.7236,var_seed_413_f306f8,hard>=0.85,
587,faq_vs_anamnesis_borderline,ПОСЛЕ УДАЛЕНИЯ ДЕСНА КРОВИТ 2 ДНЯ НОРМАЛЬНО?,0.6627,hard_123,0.6377,seed_210,0.6572,var_seed_032_82f79c,,
588,faq_vs_anamnesis_borderline,после чистки зубы чувствит к холоду так надо?,0.7784,hard_116,0.6653,seed_026,0.8076,var_seed_004_172696,,
589,faq_vs_anamnesis_borderline,пломбу поставили щека распирает это ок,0.7127,hard_128,0.6464,seed_034,0.6651,var_seed_413_6de7f0,,
590,faq_vs_anamnesis_borderline,после импланта температура держится норма ли,0.6846,hard_111,0.7009,seed_201,0.72,var_seed_196_7d7add,,
591,faq_vs_anamnesis_borderline,каналы чистили челюсть ноет 5 дней должно быть?,0.5907,hard_138,0.6456,seed_197,0.6349,var_seed_210_70bcf6,,
592,faq_vs_anamnesis_borderline,кронку надели язык онемел это нормально,0.5814,hard_116,0.5696,seed_035,0.6079,var_seed_003_9ee53a,,
593,faq_vs_anamnesis_borderline,после отбеливания десны белые норма?,0.6931,hard_123,0.7129,seed_225,0.6582,seed_198,,
594,faq_vs_anamnesis_borderline,зуб мудрости удалили дыра болит при еде ок ли,0.7133,hard_005,0.6727,seed_199,0.7094,var_seed_070_0fbf0f,,
595,faq_vs_anamnesis_borderline,пломба свежая а зуб стучит от сладкого это норма,0.7108,hard_027,0.6851,seed_025,0.6549,var_seed_200_35aab3,,
596,faq_vs_anamnesis_borderline,после анестезии губа дергается так и должно?,0.7897,hard_061g,0.6845,seed_035,0.6367,var_seed_097_e850df,,
597,faq_vs_anamnesis_borderline,протез поставили прикус хреновый нормально ли,0.6056,hard_008,0.6126,seed_067,0.6371,var_seed_043_65b35a,,
598,faq_vs_anamnesis_borderline,удалили нерв десна опухла норма после 3 дней,0.676,hard_150,0.5976,seed_070,0.6117,var_seed_037_213bff,,
599,faq_vs_anamnesis_borderline,после полировки зубы ноют на жаре это окей,0.7318,hard_116,0.6428,seed_031,0.6701,var_seed_056_7d3c9b,,
600,faq_vs_anamnesis_borderline,имплант вкрутили щека горячая должна так быть?,0.7265,hard_059,0.643,seed_196,0.6788,var_seed_196_7d7add,,
601,faq_vs_anamnesis_borderline,пломбу менять стали язык прикусил больно норма,0.6698,hard_011,0.6544,seed_077,0.6811,var_seed_200_35aab3,,
602,faq_vs_anamnesis_borderline,после удаления флюса челюсть ноет норма ли,0.6748,hard_116,0.61,seed_070,0.6634,var_seed_056_7d3c9b,,
603,faq_vs_anamnesis_borderline,коронку поставили вкус металла во рту ок?,0.6353,hard_146,0.5958,seed_113,0.6107,var_seed_093_fe839b,,
604,faq_vs_anamnesis_borderline,чистили камень десны чешутся это нормально,0.7494,switch_037,0.718,seed_032,0.7866,var_seed_032_2d3e86,,
605,faq_vs_anamnesis_borderline,после штифта зуб трещит при жевании должно?,0.7282,hard_157,0.6764,seed_047,0.677,var_seed_200_35aab3,,
606,faq_vs_anamnesis_borderline,это нормально что после пломбы ноет зуб уже неделю,0.8483,hard_011,0.6659,seed_200,0.7173,var_seed_413_f306f8,,
607,faq_vs_anamnesis_borderline,Десна кровит после удаления зуба норма или нет?,0.843,hard_135,0.7351,seed_013,0.7802,var_seed_013_6756f9,,
608,faq_vs_anamnesis_borderline,после чистки зубы болят от горячего это ок,0.7949,hard_144,0.712,seed_026,0.739,var_seed_056_9f575f,,
609,faq_vs_anamnesis_borderline,щека опухла после лечения каналов должна так быть?,0.8105,hard_119,0.6622,seed_056,0.7239,var_seed_005_c8a869,,
610,faq_vs_anamnesis_borderline,Коронку поставили а жую давит внутри странно,0.6574,hard_009,0.6905,seed_038,0.7171,var_seed_003_fae808,,
611,faq_vs_anamnesis_borderline,температура 37 после импланта нормально держится,0.6436,hard_102,0.6383,seed_201,0.681,var_seed_196_7d7add,,
612,faq_vs_anamnesis_borderline,белый налет на десне после удаления это норма,0.6903,hard_123,0.6133,seed_070,0.6133,seed_070,,
613,faq_vs_anamnesis_borderline,зуб шатается после пломбы что за ерунда,0.7348,hard_171,0.7123,seed_014,0.7389,var_seed_014_10e644,,
614,faq_vs_anamnesis_borderline,онемение щеки осталось после анестезии долго,0.6899,hard_061e,0.7431,seed_035,0.6262,var_seed_029_560015,,
615,faq_vs_anamnesis_borderline,флюс опять надулся через день после визита,0.6697,switch_034,0.614,seed_034,0.6181,var_seed_255_92b8b4,,
616,faq_vs_anamnesis_borderline,дырка увеличилась после пломбы нормально ли,0.702,hard_103,0.6145,seed_053,0.7075,var_seed_090_e916eb,,
617,faq_vs_anamnesis_borderline,челюсть ноет после протеза жевать неудобно,0.6839,hard_136,0.6469,seed_063,0.7052,var_seed_413_717e87,,
618,faq_vs_anamnesis_borderline,после отбеливания зубы чувствительные к сладкому,0.7917,hard_023,0.6781,seed_025,0.6729,var_seed_004_172696,,
619,faq_vs_anamnesis_borderline,язык онемел после сверления зуба это ок,0.6399,hard_171,0.6701,seed_035,0.6702,var_seed_064_d1cf95,,
620,faq_vs_anamnesis_borderline,слюни текут после новой пломбы странно,0.6526,hard_103,0.6051,seed_052,0.6757,var_seed_013_3814b6,,
621,faq_vs_anamnesis_borderline,запах из рта после чистки не пропал норма?,0.6024,hard_135,0.7204,seed_011,0.5869,var_seed_077_3cd202,,
622,faq_vs_anamnesis_borderline,голова болит после долгой процедуры у дантиста,0.7288,hard_062,0.6717,seed_001,0.6865,var_seed_070_0fbf0f,,
623,faq_vs_anamnesis_borderline,ухо стреляет после лечения жевательного зуба,0.6727,hard_128,0.6923,seed_031,0.7459,var_seed_056_2b9a82,,
624,faq_vs_anamnesis_borderline,шея затекла после коронки поставили вчера,0.7446,hard_146,0.6165,seed_215,0.7026,var_seed_003_fae808,,
625,faq_vs_anamnesis_borderline,кожа на лице чешется после визита к стоматологу,0.7044,switch_037,0.6599,seed_026,0.679,var_seed_032_c18de2,,
626,doctor_name_stress,когда к петрову можно записаться,0.7045,hard_081,0.6913,seed_227,0.6913,seed_227,,
627,doctor_name_stress,Запиши к Ивановой на эту неделю,0.6834,hard_081,0.7756,seed_228,0.7756,seed_228,,
628,doctor_name_stress,сидоров андрей петрович свободен завтра?,0.6194,hard_084,0.5527,seed_229,0.5705,var_seed_244_98e373,,
629,doctor_name_stress,Василевская принимает по вечерам?,0.5932,switch_040,0.6029,seed_176,0.6134,var_seed_244_59d13c,,
630,doctor_name_stress,к козлову на понедельник запишитесь,0.716,switch_044,0.7321,seed_241,0.7502,var_seed_241_5d4dc6,,
631,doctor_name_stress,Смирнова елена вальевна когда есть окно,0.4579,hard_010,0.5864,seed_233,0.5864,seed_233,,
632,doctor_name_stress,попов свободен сегодня после обеда,0.5503,hard_068,0.5938,seed_229,0.6356,var_seed_244_98e373,,
633,doctor_name_stress,Морозова принимает по утрам?,0.5712,switch_036,0.5879,seed_227,0.7097,var_seed_244_0006fb,,
634,doctor_name_stress,запиши к новожилову срочно но не сегодня,0.7347,hard_099,0.7082,seed_236,0.6839,var_seed_273_03ddaf,,
635,doctor_name_stress,Николаев Сергей Иванович график какой,0.389,hard_168,0.3602,seed_228,0.5504,var_seed_137_0c46f9,,
636,doctor_name_stress,к светлановой можно на 15 число,0.5177,switch_041,0.5677,seed_253,0.5849,var_seed_289_a9499b,,
637,doctor_name_stress,Волков павел анатольевич принимает детей,0.5437,switch_049,0.5961,seed_141,0.6532,var_seed_173_efdd74,,
638,doctor_name_stress,орлова мария свободна в пятницу,0.5419,hard_066,0.5771,seed_281,0.6437,var_seed_277_bab026,,
639,doctor_name_stress,Запись к Григорьеву на завтра утро,0.7685,switch_036,0.7031,seed_260,0.7301,var_seed_250_f895ed,,
640,doctor_name_stress,леонтьева анна сергеевна когда выходной,0.5259,switch_011,0.533,seed_277,0.6223,var_seed_233_bf0e55,,
641,doctor_name_stress,к баранову на вечер можно ли,0.6598,switch_033,0.5855,seed_253,0.6547,var_seed_271_a6f7b0,,
642,doctor_name_stress,Федорова Ольга Петровна принимает в субботу?,0.5957,hard_081,0.6312,seed_137,0.6504,var_seed_137_37b588,,
643,doctor_name_stress,михайлов когда свободен для записи,0.5169,hard_068,0.5037,seed_252,0.5526,var_seed_274_b67954,,
644,doctor_name_stress,записаться к степанову на след неделю,0.7058,hard_081,0.8107,seed_228,0.8114,var_seed_228_a4cc50,,
645,doctor_name_stress,к петрову можно завтра записаться,0.7502,switch_021,0.7129,seed_236,0.7783,var_seed_244_29c1bb,,
646,doctor_name_stress,Свободно ли у Ивановой на этой неделе?,0.6056,hard_080,0.5849,seed_229,0.7401,var_seed_233_0b1807,,
647,doctor_name_stress,запиши к сидорову андрею петровичу,0.7854,hard_085,0.6087,seed_252,0.6338,var_seed_230_9d7807,,
648,doctor_name_stress,Василевская принимает по утрам?,0.5832,switch_036,0.6067,seed_244,0.701,var_seed_244_4d5e84,intra_pool>=0.90,Василевская принимает по вечерам?
649,doctor_name_stress,к козловой на вторник слот есть,0.6274,switch_041,0.6803,seed_253,0.7229,var_seed_253_4c331d,,
650,doctor_name_stress,Смирнов свободен после 18?,0.5061,hard_084,0.4391,seed_245,0.475,var_seed_240_fd5cfe,,
651,doctor_name_stress,помогите записаться к поповой срочно,0.6855,switch_002,0.719,seed_247,0.7065,var_seed_235_454ab5,,
652,doctor_name_stress,кузнецова юлия викторовна когда принемает,0.4572,switch_049,0.5457,seed_176,0.5419,var_seed_227_8580d7,,
653,doctor_name_stress,Морозов на завтра есть место?,0.6069,switch_021,0.7176,seed_229,0.6899,var_seed_227_04fa79,,
654,doctor_name_stress,запись к новожилову на вечер,0.658,switch_036,0.72,seed_271,0.7387,var_seed_271_ff795a,,
655,doctor_name_stress,к григорьевой можно зписаться?,0.6063,hard_085,0.6173,seed_242,0.6268,var_seed_250_c6241f,,
656,doctor_name_stress,ЛЕЧУ К ВАСИЛЬЕВУЙ ЧТО СКАЗАЛ?,0.4943,hard_076,0.5416,seed_398,0.5114,var_seed_098_9d48c8,,
657,doctor_name_stress,свободные дни у орловой покажите,0.5626,hard_068,0.5688,seed_229,0.6922,var_seed_232_b2c1ea,,
658,doctor_name_stress,к степанову на 20 число меня запишите,0.7048,switch_002,0.6968,seed_252,0.7067,var_seed_232_96d4cb,,
659,doctor_name_stress,Павлова принимает детей?,0.6735,switch_049,0.6712,seed_141,0.6712,seed_141,,
660,doctor_name_stress,к беловой анне сергеевне слоты,0.4216,hard_085,0.4451,seed_322,0.5429,var_seed_227_c1f977,,
661,doctor_name_stress,завтра к романова свободна?,0.6377,hard_084,0.6703,seed_229,0.6599,var_seed_227_04fa79,,
662,doctor_name_stress,запишите ребенка к егорову,0.6889,hard_069,0.7308,seed_234,0.8127,var_seed_239_82f359,,
663,doctor_name_stress,к лебедевой на утро пятницы,0.6636,switch_036,0.699,seed_281,0.7074,var_seed_262_119cc4,,
664,doctor_name_stress,ЧТО У ФЕДОРОВОЙ ГРАФИК?,0.4242,switch_030,0.4823,seed_127,0.5172,var_seed_137_0c46f9,,
665,mixed_intent_new,зуб ноет скоко запишитесь на завтра,0.7184,switch_021,0.7538,seed_232,0.8198,var_seed_226_a23311,,
666,mixed_intent_new,Щека опухла срочно врача и цена вырывания,0.7572,hard_195,0.664,seed_005,0.6876,var_seed_005_c8a869,,
667,mixed_intent_new,дырка в переднем зубе можно записаться в пятницу,0.6932,hard_066,0.6879,seed_269,0.7401,var_seed_262_386bce,,
668,mixed_intent_new,флюс на десне запишусь сегодня утром,0.7783,hard_125,0.6282,seed_236,0.6408,var_seed_032_0a86be,,
669,mixed_intent_new,ноет жевательный зуб сколько стоит почистить и когда свободно,0.6946,hard_151,0.64,seed_131,0.7205,var_seed_133_8ad015,,
670,mixed_intent_new,ребенку 7 лет зуб разболелся срочно прием,0.7968,switch_042,0.6587,seed_014,0.7406,var_seed_230_693d3b,,
671,mixed_intent_new,вчера ударился зуб кровит цена лечения,0.7781,hard_161,0.6771,seed_057,0.7003,var_seed_013_6756f9,,
672,mixed_intent_new,Болит сильно внутри зуба запишитесь на вечер,0.7167,hard_007,0.7255,seed_001,0.7343,var_seed_017_503d36,,
673,mixed_intent_new,скоко вылечить зуб с дыркой и на когда запись,0.6959,hard_153,0.6526,seed_239,0.7989,var_seed_114_3fee60,,
674,mixed_intent_new,опухла щека от зуба можно срочно к вам,0.8076,hard_195,0.7443,seed_005,0.7836,var_seed_005_335836,,
675,mixed_intent_new,зубак ноет третий день цена пломбы,0.8087,hard_151,0.6725,seed_121,0.6688,var_seed_017_3fa77c,,
676,mixed_intent_new,треснул зуб грызя орех запишитесь завтра,0.739,hard_130,0.6553,seed_039,0.7146,var_seed_041_0525d7,,
677,mixed_intent_new,помагите зуб болит скока стоит удалить,0.7179,hard_086,0.7544,seed_001,0.788,var_seed_133_618348,,
678,mixed_intent_new,флюс у мамы срочно время приема,0.5829,hard_125,0.583,seed_227,0.6438,var_seed_248_0c693a,,
679,mixed_intent_new,дырка большая ноет тихо на понедельник запись,0.6193,switch_044,0.5627,seed_241,0.6091,var_seed_090_087c28,,
680,mixed_intent_new,зубы кровоточат после еды цена осмотра,0.7634,hard_161,0.7057,seed_013,0.7296,var_seed_013_6756f9,,
681,mixed_intent_new,подростку зуб сломался можно вечером,0.6774,hard_173,0.687,seed_014,0.7126,var_seed_037_82c547,,
682,mixed_intent_new,болит десна сильно и опухло срочно пломбировать,0.7675,hard_142,0.6716,seed_024,0.7208,var_seed_032_3ae814,,
683,mixed_intent_new,сколько чистка зуба который ноет,0.7405,hard_151,0.6836,seed_197,0.7857,var_seed_107_6fa8a1,,
684,mixed_intent_new,бабушке зуб разболелся запишитесь на утро,0.7102,switch_036,0.7532,seed_232,0.7532,seed_232,,
685,mixed_intent_new,зуб ноет уже неделю скока удалить,0.783,switch_016,0.6924,seed_001,0.7646,var_seed_133_618348,,
686,mixed_intent_new,Щека опухла надо срочно записаться,0.8769,hard_152,0.726,seed_247,0.7426,var_seed_005_c8a869,hard>=0.85,
687,mixed_intent_new,дырка в зубе болит запишитесь меня на завтра,0.7333,switch_021,0.7408,seed_232,0.7418,var_seed_226_a23311,,
688,mixed_intent_new,помогите зуб с корнем ноет цена какая,0.7289,hard_151,0.6509,seed_131,0.739,var_seed_133_8ad015,,
689,mixed_intent_new,ребенку 7 лет зуб разболелся можно на вечер,0.7494,switch_042,0.6445,seed_014,0.7396,var_seed_029_dd7efa,,
690,mixed_intent_new,флюс на зубе скока стоит лечить срочно,0.6172,hard_125,0.5402,seed_006,0.6451,var_seed_232_91f3c4,,
691,mixed_intent_new,ночью зуб заболел запишусь к вам завтра,0.7725,switch_021,0.7733,seed_232,0.8195,var_seed_231_a55527,,
692,mixed_intent_new,опухла десна после яблока сколько пломба,0.6672,hard_142,0.6432,seed_121,0.6845,var_seed_018_dafd8c,,
693,mixed_intent_new,зубы кровоточат надо срочно к врачу цена,0.7862,hard_161,0.6792,seed_013,0.7659,var_seed_232_91f3c4,,
694,mixed_intent_new,ноет передний зуб запишитесь на понедельник,0.7203,switch_044,0.7168,seed_232,0.7728,var_seed_241_e3166b,,
695,mixed_intent_new,мне 60 лет зуб сломался скока вылечить,0.666,hard_173,0.6457,seed_014,0.6931,var_seed_114_3fee60,,
696,mixed_intent_new,флюс раздуло щеку бежать к вам можно,0.6892,switch_034,0.7812,seed_034,0.6082,seed_005,,
697,mixed_intent_new,болит жевательный зуб после супа записаться,0.706,hard_122,0.6688,seed_001,0.6625,var_seed_226_a23311,,
698,mixed_intent_new,дочке зуб ноет третий день срочно цена,0.6973,hard_151,0.6099,seed_014,0.6981,var_seed_124_6bc3c4,,
699,mixed_intent_new,удар в зуб вчера болит скока удаление,0.6725,hard_048,0.7133,seed_057,0.7501,var_seed_133_618348,,
700,mixed_intent_new,десна гноится зуб ноет запишусь на среду,0.7017,switch_041,0.7118,seed_232,0.7262,var_seed_241_e3166b,,
701,mixed_intent_new,зуб с дыркой ноет не сплю срочно,0.7645,switch_031,0.6869,seed_001,0.7885,var_seed_070_117303,,
702,mixed_intent_new,после ореха зуб заболел цена лечения,0.7652,hard_130,0.6148,seed_120,0.6957,var_seed_037_c5df4b,,
703,mixed_intent_new,отцу болит корень зуба можно завтра утром,0.6312,hard_086,0.6443,seed_001,0.6598,var_seed_232_1ee0fd,,
704,mixed_intent_new,щека в пол лица флюс запишитесь меня,0.6936,switch_034,0.6777,seed_034,0.6425,var_seed_232_96d4cb,,
705,short_ambiguous_new,болит зубик,0.8582,hard_086,0.9327,seed_001,0.7689,var_seed_015_bebffd,"hard>=0.85,seed>=0.85",
706,short_ambiguous_new,КРОВЬ ИЗ ДЕСНЫ,0.7319,hard_200,0.6008,seed_002,0.6486,var_seed_026_4eba9b,,
707,short_ambiguous_new,флюс надулся,0.7152,hard_166,0.7505,seed_034,0.6392,var_seed_054_5fb12e,intra_pool>=0.90,флюс надувается
708,short_ambiguous_new,зуб треснул,0.8194,hard_173,0.9203,seed_039,0.8095,var_seed_037_ba1d5a,seed>=0.85,
709,short_ambiguous_new,щека распухла,0.7969,switch_019,0.9127,seed_005,0.9127,seed_005,"seed>=0.85,train>=0.85",
710,short_ambiguous_new,ноет жеватель,0.6541,switch_031,0.6014,seed_003,0.6651,var_seed_015_ad1159,,
711,short_ambiguous_new,гной сочится,0.7567,hard_169,0.7356,seed_018,0.8821,var_seed_018_bd319c,train>=0.85,
712,short_ambiguous_new,боль пронзает,0.7446,hard_036,0.7444,seed_001,0.6989,seed_017,,
713,short_ambiguous_new,дырка растет,0.7589,switch_045,0.6244,seed_053,0.7601,var_seed_090_e916eb,,
714,short_ambiguous_new,десна болитт,0.5976,hard_160,0.6294,seed_033,0.6497,var_seed_012_056c6c,,
715,short_ambiguous_new,ОПУХЛО ВСЕ,0.5813,hard_173,0.6353,seed_300,0.6353,seed_300,,
716,short_ambiguous_new,зуб шатается,0.9277,hard_171,0.8186,seed_014,0.8396,var_seed_014_10e644,hard>=0.85,
717,short_ambiguous_new,пульсирует сильно,0.7029,hard_167,0.7167,seed_017,0.7167,seed_017,,
718,short_ambiguous_new,челюсть ноет,0.7315,hard_174,0.7438,seed_008,0.7633,var_seed_008_134900,intra_pool>=0.90,нижняя челюсть ноет
719,short_ambiguous_new,сломала зуб,0.8464,hard_173,0.779,seed_001,0.8154,var_seed_037_82c547,,
720,short_ambiguous_new,жжение десны,0.648,hard_145,0.6597,seed_033,0.6995,var_seed_032_3ae814,,
721,short_ambiguous_new,кровоточит дырка,0.6542,hard_046,0.7036,seed_002,0.7099,var_seed_090_e916eb,,
722,short_ambiguous_new,боль в корне,0.6418,hard_036,0.6584,seed_001,0.6593,var_seed_091_f4d8d8,,
723,short_ambiguous_new,флюз прорвало,0.5661,hard_166,0.6013,seed_034,0.5662,var_seed_054_6b9de7,,
724,short_ambiguous_new,зуби крошатся,0.8029,hard_171,0.8065,seed_046,0.7928,seed_022,,
725,short_ambiguous_new,болит сильно,0.8133,hard_036,0.7615,seed_001,0.7649,var_seed_032_3ae814,,
726,short_ambiguous_new,КРОВЬ ТЕЧЁТ,0.751,hard_056,0.7095,seed_002,0.6321,var_seed_013_e31c8d,,
727,short_ambiguous_new,флюс опух,0.653,switch_034,0.6354,seed_034,0.648,var_seed_023_7140e7,,
728,short_ambiguous_new,зуб сломался,0.9349,hard_173,0.8454,seed_037,0.8985,var_seed_037_82c547,"hard>=0.85,train>=0.85",
729,short_ambiguous_new,гной из зуба,0.7195,hard_131,0.6992,seed_018,0.7535,var_seed_018_bd319c,,
730,short_ambiguous_new,зуб шатаетса,0.8699,hard_171,0.7699,seed_001,0.8376,var_seed_014_0ae538,hard>=0.85,
731,short_ambiguous_new,боль ночью,0.6586,hard_036,0.8281,seed_017,0.8281,seed_017,,
732,short_ambiguous_new,дырка большая,0.6824,hard_153,0.5685,seed_053,0.7435,var_seed_090_eabc0b,,
733,short_ambiguous_new,треснул зубок,0.8188,hard_173,0.9074,seed_039,0.8291,var_seed_037_ba1d5a,seed>=0.85,
734,short_ambiguous_new,рот горитт,0.5498,hard_170,0.5352,seed_019,0.5352,seed_019,,
735,short_ambiguous_new,язык онемел,0.6751,hard_168,0.6781,seed_027,0.6781,seed_027,,
736,short_ambiguous_new,челюсть дергается,0.721,hard_054,0.772,seed_008,0.772,seed_008,,
737,short_ambiguous_new,десна кровит,0.8288,hard_188,0.7904,seed_002,0.7747,var_seed_026_d4f71c,,
738,short_ambiguous_new,зуб пульсирует,0.8175,switch_047,0.7836,seed_001,0.8744,var_seed_017_05690c,train>=0.85,
739,short_ambiguous_new,нёбо болит,0.7096,hard_036,0.7327,seed_001,0.6921,seed_015,,
740,short_ambiguous_new,вкус гнилой,0.5603,hard_169,0.6158,seed_011,0.5668,var_seed_018_bd319c,,
741,short_ambiguous_new,опухоль выросла,0.7902,hard_172,0.6912,seed_023,0.7214,var_seed_023_8788ad,,
